# vsim work.test -l log_file.log -coverage -c -do "coverage save -onexit -codeAll coverage_file.ucdb; run -all; exit" 
# Start time: 08:54:20 on May 11,2026
# ** Note: (vsim-3812) Design is being optimized...
# //  Questa Sim
# //  Version 10.6c linux Jul 25 2017
# //
# //  Copyright 1991-2017 Mentor Graphics Corporation
# //  All Rights Reserved.
# //
# //  QuestaSim and its associated documentation contain trade
# //  secrets and commercial or financial information that are the property of
# //  Mentor Graphics Corporation and are privileged, confidential,
# //  and exempt from disclosure under the Freedom of Information Act,
# //  5 U.S.C. Section 552. Furthermore, this information
# //  is prohibited from disclosure under the Trade Secrets Act,
# //  18 U.S.C. Section 1905.
# //
# Loading work.test(fast)
# Loading work.alu_param(fast)
# ** Warning: (vsim-3015) TOP_tb.v(59): [PCDPC] - Port size (17) does not match connection size (16) for port 'res'. The port definition is at: DUT.v(1).
#    Time: 0 ns  Iteration: 0  Instance: /test/dut File: DUT.v
# coverage save -onexit -codeAll coverage_file.ucdb
#  run -all
# 
# ================================================
# TIME = 25
# INPUTS :
# MODE=0 CE=0 CMD=0 CIN=0 VALID=00
# OPA=0 OPB=0
# --------------------------------
# REFERENCE MODEL OUTPUTS :
# RES_EXP=0
# OFLOW_EXP=0
# COUT_EXP=0
# G_EXP=0
# L_EXP=0
# E_EXP=0
# ERR_EXP=0
# --------------------------------
# DUT OUTPUTS :
# RES=0
# OFLOW=0
# COUT=0
# G=0
# L=0
# E=0
# ERR=0
# --------------------------------
# STATUS : PASS
# ================================================
# 
# ================================================
# TIME = 35
# INPUTS :
# MODE=0 CE=1 CMD=0 CIN=0 VALID=11
# OPA=0 OPB=0
# --------------------------------
# REFERENCE MODEL OUTPUTS :
# RES_EXP=0
# OFLOW_EXP=0
# COUT_EXP=0
# G_EXP=0
# L_EXP=0
# E_EXP=0
# ERR_EXP=0
# --------------------------------
# DUT OUTPUTS :
# RES=0
# OFLOW=0
# COUT=0
# G=0
# L=0
# E=0
# ERR=0
# --------------------------------
# STATUS : PASS
# ================================================
# 
# ================================================
# TIME = 45
# INPUTS :
# MODE=0 CE=1 CMD=15 CIN=0 VALID=11
# OPA=0 OPB=0
# --------------------------------
# REFERENCE MODEL OUTPUTS :
# RES_EXP=0
# OFLOW_EXP=0
# COUT_EXP=0
# G_EXP=0
# L_EXP=0
# E_EXP=0
# ERR_EXP=1
# --------------------------------
# DUT OUTPUTS :
# RES=0
# OFLOW=0
# COUT=0
# G=0
# L=0
# E=0
# ERR=0
# --------------------------------
# STATUS : FAIL
# ================================================
# 
# ================================================
# TIME = 55
# INPUTS :
# MODE=0 CE=1 CMD=15 CIN=0 VALID=01
# OPA=0 OPB=0
# --------------------------------
# REFERENCE MODEL OUTPUTS :
# RES_EXP=0
# OFLOW_EXP=0
# COUT_EXP=0
# G_EXP=0
# L_EXP=0
# E_EXP=0
# ERR_EXP=0
# --------------------------------
# DUT OUTPUTS :
# RES=0
# OFLOW=0
# COUT=0
# G=0
# L=0
# E=0
# ERR=0
# --------------------------------
# STATUS : PASS
# ================================================
# 
# ================================================
# TIME = 65
# INPUTS :
# MODE=0 CE=1 CMD=15 CIN=0 VALID=10
# OPA=0 OPB=0
# --------------------------------
# REFERENCE MODEL OUTPUTS :
# RES_EXP=0
# OFLOW_EXP=0
# COUT_EXP=0
# G_EXP=0
# L_EXP=0
# E_EXP=0
# ERR_EXP=1
# --------------------------------
# DUT OUTPUTS :
# RES=0
# OFLOW=0
# COUT=0
# G=0
# L=0
# E=0
# ERR=1
# --------------------------------
# STATUS : PASS
# ================================================
# 
# ================================================
# TIME = 75
# INPUTS :
# MODE=1 CE=1 CMD=0 CIN=0 VALID=10
# OPA=0 OPB=0
# --------------------------------
# REFERENCE MODEL OUTPUTS :
# RES_EXP=0
# OFLOW_EXP=0
# COUT_EXP=0
# G_EXP=0
# L_EXP=0
# E_EXP=0
# ERR_EXP=1
# --------------------------------
# DUT OUTPUTS :
# RES=0
# OFLOW=0
# COUT=0
# G=0
# L=0
# E=0
# ERR=1
# --------------------------------
# STATUS : PASS
# ================================================
# 
# ================================================
# TIME = 85
# INPUTS :
# MODE=1 CE=0 CMD=0 CIN=1 VALID=11
# OPA=81 OPB=137
# --------------------------------
# REFERENCE MODEL OUTPUTS :
# RES_EXP=0
# OFLOW_EXP=0
# COUT_EXP=0
# G_EXP=0
# L_EXP=0
# E_EXP=0
# ERR_EXP=1
# --------------------------------
# DUT OUTPUTS :
# RES=0
# OFLOW=0
# COUT=0
# G=0
# L=0
# E=0
# ERR=1
# --------------------------------
# STATUS : PASS
# ================================================
# 
# ================================================
# TIME = 95
# INPUTS :
# MODE=1 CE=0 CMD=1 CIN=1 VALID=11
# OPA=181 OPB=124
# --------------------------------
# REFERENCE MODEL OUTPUTS :
# RES_EXP=0
# OFLOW_EXP=0
# COUT_EXP=0
# G_EXP=0
# L_EXP=0
# E_EXP=0
# ERR_EXP=1
# --------------------------------
# DUT OUTPUTS :
# RES=0
# OFLOW=0
# COUT=0
# G=0
# L=0
# E=0
# ERR=1
# --------------------------------
# STATUS : PASS
# ================================================
# 
# ================================================
# TIME = 105
# INPUTS :
# MODE=1 CE=0 CMD=2 CIN=0 VALID=11
# OPA=71 OPB=127
# --------------------------------
# REFERENCE MODEL OUTPUTS :
# RES_EXP=0
# OFLOW_EXP=0
# COUT_EXP=0
# G_EXP=0
# L_EXP=0
# E_EXP=0
# ERR_EXP=1
# --------------------------------
# DUT OUTPUTS :
# RES=0
# OFLOW=0
# COUT=0
# G=0
# L=0
# E=0
# ERR=1
# --------------------------------
# STATUS : PASS
# ================================================
# 
# ================================================
# TIME = 115
# INPUTS :
# MODE=1 CE=1 CMD=3 CIN=0 VALID=00
# OPA=77 OPB=215
# --------------------------------
# REFERENCE MODEL OUTPUTS :
# RES_EXP=0
# OFLOW_EXP=0
# COUT_EXP=0
# G_EXP=0
# L_EXP=0
# E_EXP=0
# ERR_EXP=1
# --------------------------------
# DUT OUTPUTS :
# RES=0
# OFLOW=0
# COUT=0
# G=0
# L=0
# E=0
# ERR=1
# --------------------------------
# STATUS : PASS
# ================================================
# 
# ================================================
# TIME = 125
# INPUTS :
# MODE=1 CE=0 CMD=4 CIN=1 VALID=01
# OPA=253 OPB=71
# --------------------------------
# REFERENCE MODEL OUTPUTS :
# RES_EXP=0
# OFLOW_EXP=0
# COUT_EXP=0
# G_EXP=0
# L_EXP=0
# E_EXP=0
# ERR_EXP=1
# --------------------------------
# DUT OUTPUTS :
# RES=0
# OFLOW=0
# COUT=0
# G=0
# L=0
# E=0
# ERR=1
# --------------------------------
# STATUS : PASS
# ================================================
# 
# ================================================
# TIME = 135
# INPUTS :
# MODE=1 CE=0 CMD=5 CIN=1 VALID=00
# OPA=241 OPB=243
# --------------------------------
# REFERENCE MODEL OUTPUTS :
# RES_EXP=0
# OFLOW_EXP=0
# COUT_EXP=0
# G_EXP=0
# L_EXP=0
# E_EXP=0
# ERR_EXP=1
# --------------------------------
# DUT OUTPUTS :
# RES=0
# OFLOW=0
# COUT=0
# G=0
# L=0
# E=0
# ERR=1
# --------------------------------
# STATUS : PASS
# ================================================
# 
# ================================================
# TIME = 145
# INPUTS :
# MODE=1 CE=0 CMD=6 CIN=0 VALID=11
# OPA=158 OPB=69
# --------------------------------
# REFERENCE MODEL OUTPUTS :
# RES_EXP=0
# OFLOW_EXP=0
# COUT_EXP=0
# G_EXP=0
# L_EXP=0
# E_EXP=0
# ERR_EXP=1
# --------------------------------
# DUT OUTPUTS :
# RES=0
# OFLOW=0
# COUT=0
# G=0
# L=0
# E=0
# ERR=1
# --------------------------------
# STATUS : PASS
# ================================================
# 
# ================================================
# TIME = 155
# INPUTS :
# MODE=1 CE=0 CMD=7 CIN=0 VALID=00
# OPA=215 OPB=249
# --------------------------------
# REFERENCE MODEL OUTPUTS :
# RES_EXP=0
# OFLOW_EXP=0
# COUT_EXP=0
# G_EXP=0
# L_EXP=0
# E_EXP=0
# ERR_EXP=1
# --------------------------------
# DUT OUTPUTS :
# RES=0
# OFLOW=0
# COUT=0
# G=0
# L=0
# E=0
# ERR=1
# --------------------------------
# STATUS : PASS
# ================================================
# 
# ================================================
# TIME = 165
# INPUTS :
# MODE=1 CE=0 CMD=8 CIN=0 VALID=01
# OPA=63 OPB=191
# --------------------------------
# REFERENCE MODEL OUTPUTS :
# RES_EXP=0
# OFLOW_EXP=0
# COUT_EXP=0
# G_EXP=0
# L_EXP=0
# E_EXP=0
# ERR_EXP=1
# --------------------------------
# DUT OUTPUTS :
# RES=0
# OFLOW=0
# COUT=0
# G=0
# L=0
# E=0
# ERR=1
# --------------------------------
# STATUS : PASS
# ================================================
# 
# ================================================
# TIME = 175
# INPUTS :
# MODE=1 CE=0 CMD=9 CIN=0 VALID=10
# OPA=107 OPB=87
# --------------------------------
# REFERENCE MODEL OUTPUTS :
# RES_EXP=0
# OFLOW_EXP=0
# COUT_EXP=0
# G_EXP=0
# L_EXP=0
# E_EXP=0
# ERR_EXP=1
# --------------------------------
# DUT OUTPUTS :
# RES=0
# OFLOW=0
# COUT=0
# G=0
# L=0
# E=0
# ERR=1
# --------------------------------
# STATUS : PASS
# ================================================
# 
# ================================================
# TIME = 185
# INPUTS :
# MODE=1 CE=0 CMD=10 CIN=0 VALID=00
# OPA=83 OPB=179
# --------------------------------
# REFERENCE MODEL OUTPUTS :
# RES_EXP=0
# OFLOW_EXP=0
# COUT_EXP=0
# G_EXP=0
# L_EXP=0
# E_EXP=0
# ERR_EXP=1
# --------------------------------
# DUT OUTPUTS :
# RES=0
# OFLOW=0
# COUT=0
# G=0
# L=0
# E=0
# ERR=1
# --------------------------------
# STATUS : PASS
# ================================================
# 
# ================================================
# TIME = 195
# INPUTS :
# MODE=1 CE=1 CMD=11 CIN=0 VALID=11
# OPA=18 OPB=48
# --------------------------------
# REFERENCE MODEL OUTPUTS :
# RES_EXP=0
# OFLOW_EXP=0
# COUT_EXP=0
# G_EXP=0
# L_EXP=0
# E_EXP=0
# ERR_EXP=1
# --------------------------------
# DUT OUTPUTS :
# RES=0
# OFLOW=0
# COUT=0
# G=0
# L=0
# E=0
# ERR=1
# --------------------------------
# STATUS : PASS
# ================================================
# 
# ================================================
# TIME = 205
# INPUTS :
# MODE=1 CE=0 CMD=12 CIN=0 VALID=01
# OPA=216 OPB=15
# --------------------------------
# REFERENCE MODEL OUTPUTS :
# RES_EXP=0
# OFLOW_EXP=0
# COUT_EXP=0
# G_EXP=0
# L_EXP=0
# E_EXP=0
# ERR_EXP=1
# --------------------------------
# DUT OUTPUTS :
# RES=0
# OFLOW=0
# COUT=0
# G=0
# L=0
# E=0
# ERR=1
# --------------------------------
# STATUS : PASS
# ================================================
# 
# ================================================
# TIME = 215
# INPUTS :
# MODE=0 CE=0 CMD=0 CIN=0 VALID=00
# OPA=115 OPB=4
# --------------------------------
# REFERENCE MODEL OUTPUTS :
# RES_EXP=0
# OFLOW_EXP=0
# COUT_EXP=0
# G_EXP=0
# L_EXP=0
# E_EXP=0
# ERR_EXP=1
# --------------------------------
# DUT OUTPUTS :
# RES=66
# OFLOW=0
# COUT=0
# G=0
# L=1
# E=0
# ERR=0
# --------------------------------
# STATUS : FAIL
# ================================================
# 
# ================================================
# TIME = 225
# INPUTS :
# MODE=0 CE=0 CMD=1 CIN=0 VALID=00
# OPA=232 OPB=71
# --------------------------------
# REFERENCE MODEL OUTPUTS :
# RES_EXP=0
# OFLOW_EXP=0
# COUT_EXP=0
# G_EXP=0
# L_EXP=0
# E_EXP=0
# ERR_EXP=1
# --------------------------------
# DUT OUTPUTS :
# RES=66
# OFLOW=0
# COUT=0
# G=0
# L=1
# E=0
# ERR=0
# --------------------------------
# STATUS : FAIL
# ================================================
# 
# ================================================
# TIME = 235
# INPUTS :
# MODE=0 CE=0 CMD=2 CIN=0 VALID=00
# OPA=184 OPB=123
# --------------------------------
# REFERENCE MODEL OUTPUTS :
# RES_EXP=0
# OFLOW_EXP=0
# COUT_EXP=0
# G_EXP=0
# L_EXP=0
# E_EXP=0
# ERR_EXP=1
# --------------------------------
# DUT OUTPUTS :
# RES=66
# OFLOW=0
# COUT=0
# G=0
# L=1
# E=0
# ERR=0
# --------------------------------
# STATUS : FAIL
# ================================================
# 
# ================================================
# TIME = 245
# INPUTS :
# MODE=0 CE=0 CMD=3 CIN=1 VALID=10
# OPA=234 OPB=181
# --------------------------------
# REFERENCE MODEL OUTPUTS :
# RES_EXP=0
# OFLOW_EXP=0
# COUT_EXP=0
# G_EXP=0
# L_EXP=0
# E_EXP=0
# ERR_EXP=1
# --------------------------------
# DUT OUTPUTS :
# RES=66
# OFLOW=0
# COUT=0
# G=0
# L=1
# E=0
# ERR=0
# --------------------------------
# STATUS : FAIL
# ================================================
# 
# ================================================
# TIME = 255
# INPUTS :
# MODE=0 CE=0 CMD=4 CIN=0 VALID=10
# OPA=146 OPB=120
# --------------------------------
# REFERENCE MODEL OUTPUTS :
# RES_EXP=0
# OFLOW_EXP=0
# COUT_EXP=0
# G_EXP=0
# L_EXP=0
# E_EXP=0
# ERR_EXP=1
# --------------------------------
# DUT OUTPUTS :
# RES=66
# OFLOW=0
# COUT=0
# G=0
# L=1
# E=0
# ERR=0
# --------------------------------
# STATUS : FAIL
# ================================================
# 
# ================================================
# TIME = 265
# INPUTS :
# MODE=0 CE=0 CMD=5 CIN=0 VALID=10
# OPA=151 OPB=69
# --------------------------------
# REFERENCE MODEL OUTPUTS :
# RES_EXP=0
# OFLOW_EXP=0
# COUT_EXP=0
# G_EXP=0
# L_EXP=0
# E_EXP=0
# ERR_EXP=1
# --------------------------------
# DUT OUTPUTS :
# RES=66
# OFLOW=0
# COUT=0
# G=0
# L=1
# E=0
# ERR=0
# --------------------------------
# STATUS : FAIL
# ================================================
# 
# ================================================
# TIME = 275
# INPUTS :
# MODE=0 CE=0 CMD=6 CIN=0 VALID=01
# OPA=7 OPB=139
# --------------------------------
# REFERENCE MODEL OUTPUTS :
# RES_EXP=0
# OFLOW_EXP=0
# COUT_EXP=0
# G_EXP=0
# L_EXP=0
# E_EXP=0
# ERR_EXP=1
# --------------------------------
# DUT OUTPUTS :
# RES=66
# OFLOW=0
# COUT=0
# G=0
# L=1
# E=0
# ERR=0
# --------------------------------
# STATUS : FAIL
# ================================================
# 
# ================================================
# TIME = 285
# INPUTS :
# MODE=0 CE=1 CMD=7 CIN=1 VALID=00
# OPA=180 OPB=204
# --------------------------------
# REFERENCE MODEL OUTPUTS :
# RES_EXP=0
# OFLOW_EXP=0
# COUT_EXP=0
# G_EXP=0
# L_EXP=0
# E_EXP=0
# ERR_EXP=1
# --------------------------------
# DUT OUTPUTS :
# RES=66
# OFLOW=0
# COUT=0
# G=0
# L=1
# E=0
# ERR=0
# --------------------------------
# STATUS : FAIL
# ================================================
# 
# ================================================
# TIME = 295
# INPUTS :
# MODE=0 CE=0 CMD=8 CIN=1 VALID=11
# OPA=179 OPB=241
# --------------------------------
# REFERENCE MODEL OUTPUTS :
# RES_EXP=96
# OFLOW_EXP=0
# COUT_EXP=0
# G_EXP=0
# L_EXP=0
# E_EXP=0
# ERR_EXP=0
# --------------------------------
# DUT OUTPUTS :
# RES=66
# OFLOW=0
# COUT=0
# G=0
# L=1
# E=0
# ERR=0
# --------------------------------
# STATUS : FAIL
# ================================================
# 
# ================================================
# TIME = 305
# INPUTS :
# MODE=0 CE=1 CMD=9 CIN=0 VALID=11
# OPA=29 OPB=180
# --------------------------------
# REFERENCE MODEL OUTPUTS :
# RES_EXP=96
# OFLOW_EXP=0
# COUT_EXP=0
# G_EXP=0
# L_EXP=0
# E_EXP=0
# ERR_EXP=0
# --------------------------------
# DUT OUTPUTS :
# RES=0
# OFLOW=0
# COUT=0
# G=0
# L=0
# E=0
# ERR=1
# --------------------------------
# STATUS : FAIL
# ================================================
# 
# ================================================
# TIME = 315
# INPUTS :
# MODE=0 CE=1 CMD=10 CIN=1 VALID=00
# OPA=56 OPB=136
# --------------------------------
# REFERENCE MODEL OUTPUTS :
# RES_EXP=0
# OFLOW_EXP=0
# COUT_EXP=0
# G_EXP=0
# L_EXP=0
# E_EXP=0
# ERR_EXP=1
# --------------------------------
# DUT OUTPUTS :
# RES=0
# OFLOW=0
# COUT=0
# G=0
# L=0
# E=0
# ERR=1
# --------------------------------
# STATUS : PASS
# ================================================
# 
# ================================================
# TIME = 325
# INPUTS :
# MODE=0 CE=1 CMD=11 CIN=0 VALID=10
# OPA=97 OPB=109
# --------------------------------
# REFERENCE MODEL OUTPUTS :
# RES_EXP=58
# OFLOW_EXP=0
# COUT_EXP=0
# G_EXP=0
# L_EXP=0
# E_EXP=0
# ERR_EXP=0
# --------------------------------
# DUT OUTPUTS :
# RES=0
# OFLOW=0
# COUT=0
# G=0
# L=0
# E=0
# ERR=1
# --------------------------------
# STATUS : FAIL
# ================================================
# 
# ================================================
# TIME = 335
# INPUTS :
# MODE=0 CE=0 CMD=12 CIN=0 VALID=10
# OPA=235 OPB=166
# --------------------------------
# REFERENCE MODEL OUTPUTS :
# RES_EXP=0
# OFLOW_EXP=0
# COUT_EXP=0
# G_EXP=0
# L_EXP=0
# E_EXP=0
# ERR_EXP=1
# --------------------------------
# DUT OUTPUTS :
# RES=0
# OFLOW=0
# COUT=0
# G=0
# L=0
# E=0
# ERR=1
# --------------------------------
# STATUS : PASS
# ================================================
# 
# ================================================
# TIME = 345
# INPUTS :
# MODE=0 CE=0 CMD=13 CIN=0 VALID=11
# OPA=170 OPB=219
# --------------------------------
# REFERENCE MODEL OUTPUTS :
# RES_EXP=0
# OFLOW_EXP=0
# COUT_EXP=0
# G_EXP=0
# L_EXP=0
# E_EXP=0
# ERR_EXP=1
# --------------------------------
# DUT OUTPUTS :
# RES=218
# OFLOW=0
# COUT=0
# G=0
# L=0
# E=0
# ERR=0
# --------------------------------
# STATUS : FAIL
# ================================================
# 
# ================================================
# TIME = 355
# INPUTS :
# MODE=1 CE=1 CMD=0 CIN=0 VALID=11
# OPA=255 OPB=1
# --------------------------------
# REFERENCE MODEL OUTPUTS :
# RES_EXP=0
# OFLOW_EXP=0
# COUT_EXP=0
# G_EXP=0
# L_EXP=0
# E_EXP=0
# ERR_EXP=1
# --------------------------------
# DUT OUTPUTS :
# RES=218
# OFLOW=0
# COUT=0
# G=0
# L=0
# E=0
# ERR=0
# --------------------------------
# STATUS : FAIL
# ================================================
# 
# ================================================
# TIME = 365
# INPUTS :
# MODE=1 CE=1 CMD=0 CIN=0 VALID=11
# OPA=127 OPB=1
# --------------------------------
# REFERENCE MODEL OUTPUTS :
# RES_EXP=0
# OFLOW_EXP=0
# COUT_EXP=0
# G_EXP=0
# L_EXP=0
# E_EXP=0
# ERR_EXP=1
# --------------------------------
# DUT OUTPUTS :
# RES=218
# OFLOW=0
# COUT=0
# G=0
# L=0
# E=0
# ERR=0
# --------------------------------
# STATUS : FAIL
# ================================================
# 
# ================================================
# TIME = 375
# INPUTS :
# MODE=1 CE=1 CMD=0 CIN=0 VALID=11
# OPA=128 OPB=128
# --------------------------------
# REFERENCE MODEL OUTPUTS :
# RES_EXP=0
# OFLOW_EXP=0
# COUT_EXP=1
# G_EXP=0
# L_EXP=0
# E_EXP=0
# ERR_EXP=0
# --------------------------------
# DUT OUTPUTS :
# RES=256
# OFLOW=0
# COUT=1
# G=0
# L=0
# E=0
# ERR=0
# --------------------------------
# STATUS : FAIL
# ================================================
# 
# ================================================
# TIME = 385
# INPUTS :
# MODE=1 CE=1 CMD=0 CIN=0 VALID=11
# OPA=0 OPB=0
# --------------------------------
# REFERENCE MODEL OUTPUTS :
# RES_EXP=128
# OFLOW_EXP=0
# COUT_EXP=0
# G_EXP=0
# L_EXP=0
# E_EXP=0
# ERR_EXP=0
# --------------------------------
# DUT OUTPUTS :
# RES=128
# OFLOW=0
# COUT=0
# G=0
# L=0
# E=0
# ERR=0
# --------------------------------
# STATUS : PASS
# ================================================
# 
# ================================================
# TIME = 395
# INPUTS :
# MODE=1 CE=1 CMD=1 CIN=0 VALID=11
# OPA=0 OPB=1
# --------------------------------
# REFERENCE MODEL OUTPUTS :
# RES_EXP=0
# OFLOW_EXP=0
# COUT_EXP=1
# G_EXP=0
# L_EXP=0
# E_EXP=0
# ERR_EXP=0
# --------------------------------
# DUT OUTPUTS :
# RES=256
# OFLOW=0
# COUT=1
# G=0
# L=0
# E=0
# ERR=0
# --------------------------------
# STATUS : FAIL
# ================================================
# 
# ================================================
# TIME = 405
# INPUTS :
# MODE=1 CE=1 CMD=1 CIN=0 VALID=11
# OPA=128 OPB=1
# --------------------------------
# REFERENCE MODEL OUTPUTS :
# RES_EXP=0
# OFLOW_EXP=0
# COUT_EXP=0
# G_EXP=0
# L_EXP=0
# E_EXP=0
# ERR_EXP=0
# --------------------------------
# DUT OUTPUTS :
# RES=0
# OFLOW=0
# COUT=0
# G=0
# L=0
# E=0
# ERR=0
# --------------------------------
# STATUS : PASS
# ================================================
# 
# ================================================
# TIME = 415
# INPUTS :
# MODE=1 CE=1 CMD=1 CIN=0 VALID=11
# OPA=127 OPB=255
# --------------------------------
# REFERENCE MODEL OUTPUTS :
# RES_EXP=255
# OFLOW_EXP=0
# COUT_EXP=0
# G_EXP=0
# L_EXP=0
# E_EXP=0
# ERR_EXP=0
# --------------------------------
# DUT OUTPUTS :
# RES=65535
# OFLOW=0
# COUT=0
# G=0
# L=0
# E=0
# ERR=0
# --------------------------------
# STATUS : FAIL
# ================================================
# 
# ================================================
# TIME = 425
# INPUTS :
# MODE=1 CE=1 CMD=0 CIN=0 VALID=11
# OPA=127 OPB=255
# --------------------------------
# REFERENCE MODEL OUTPUTS :
# RES_EXP=127
# OFLOW_EXP=0
# COUT_EXP=0
# G_EXP=0
# L_EXP=0
# E_EXP=0
# ERR_EXP=0
# --------------------------------
# DUT OUTPUTS :
# RES=127
# OFLOW=0
# COUT=0
# G=0
# L=0
# E=0
# ERR=0
# --------------------------------
# STATUS : PASS
# ================================================
# 
# ================================================
# TIME = 435
# INPUTS :
# MODE=1 CE=1 CMD=0 CIN=0 VALID=11
# OPA=1 OPB=254
# --------------------------------
# REFERENCE MODEL OUTPUTS :
# RES_EXP=128
# OFLOW_EXP=0
# COUT_EXP=0
# G_EXP=0
# L_EXP=0
# E_EXP=0
# ERR_EXP=0
# --------------------------------
# DUT OUTPUTS :
# RES=65408
# OFLOW=0
# COUT=0
# G=0
# L=0
# E=0
# ERR=0
# --------------------------------
# STATUS : FAIL
# ================================================
# 
# ================================================
# TIME = 445
# INPUTS :
# MODE=1 CE=1 CMD=0 CIN=0 VALID=11
# OPA=2 OPB=253
# --------------------------------
# REFERENCE MODEL OUTPUTS :
# RES_EXP=126
# OFLOW_EXP=0
# COUT_EXP=1
# G_EXP=0
# L_EXP=0
# E_EXP=0
# ERR_EXP=0
# --------------------------------
# DUT OUTPUTS :
# RES=382
# OFLOW=0
# COUT=1
# G=0
# L=0
# E=0
# ERR=0
# --------------------------------
# STATUS : FAIL
# ================================================
# 
# ================================================
# TIME = 455
# INPUTS :
# MODE=1 CE=1 CMD=0 CIN=0 VALID=11
# OPA=4 OPB=251
# --------------------------------
# REFERENCE MODEL OUTPUTS :
# RES_EXP=255
# OFLOW_EXP=0
# COUT_EXP=0
# G_EXP=0
# L_EXP=0
# E_EXP=0
# ERR_EXP=0
# --------------------------------
# DUT OUTPUTS :
# RES=255
# OFLOW=0
# COUT=0
# G=0
# L=0
# E=0
# ERR=0
# --------------------------------
# STATUS : PASS
# ================================================
# 
# ================================================
# TIME = 465
# INPUTS :
# MODE=1 CE=1 CMD=0 CIN=0 VALID=11
# OPA=8 OPB=247
# --------------------------------
# REFERENCE MODEL OUTPUTS :
# RES_EXP=255
# OFLOW_EXP=0
# COUT_EXP=0
# G_EXP=0
# L_EXP=0
# E_EXP=0
# ERR_EXP=0
# --------------------------------
# DUT OUTPUTS :
# RES=255
# OFLOW=0
# COUT=0
# G=0
# L=0
# E=0
# ERR=0
# --------------------------------
# STATUS : PASS
# ================================================
# 
# ================================================
# TIME = 475
# INPUTS :
# MODE=1 CE=1 CMD=0 CIN=0 VALID=11
# OPA=16 OPB=239
# --------------------------------
# REFERENCE MODEL OUTPUTS :
# RES_EXP=255
# OFLOW_EXP=0
# COUT_EXP=0
# G_EXP=0
# L_EXP=0
# E_EXP=0
# ERR_EXP=0
# --------------------------------
# DUT OUTPUTS :
# RES=255
# OFLOW=0
# COUT=0
# G=0
# L=0
# E=0
# ERR=0
# --------------------------------
# STATUS : PASS
# ================================================
# 
# ================================================
# TIME = 485
# INPUTS :
# MODE=1 CE=1 CMD=0 CIN=0 VALID=11
# OPA=32 OPB=223
# --------------------------------
# REFERENCE MODEL OUTPUTS :
# RES_EXP=255
# OFLOW_EXP=0
# COUT_EXP=0
# G_EXP=0
# L_EXP=0
# E_EXP=0
# ERR_EXP=0
# --------------------------------
# DUT OUTPUTS :
# RES=255
# OFLOW=0
# COUT=0
# G=0
# L=0
# E=0
# ERR=0
# --------------------------------
# STATUS : PASS
# ================================================
# 
# ================================================
# TIME = 495
# INPUTS :
# MODE=1 CE=1 CMD=0 CIN=0 VALID=11
# OPA=64 OPB=191
# --------------------------------
# REFERENCE MODEL OUTPUTS :
# RES_EXP=255
# OFLOW_EXP=0
# COUT_EXP=0
# G_EXP=0
# L_EXP=0
# E_EXP=0
# ERR_EXP=0
# --------------------------------
# DUT OUTPUTS :
# RES=255
# OFLOW=0
# COUT=0
# G=0
# L=0
# E=0
# ERR=0
# --------------------------------
# STATUS : PASS
# ================================================
# 
# ================================================
# TIME = 505
# INPUTS :
# MODE=1 CE=1 CMD=0 CIN=0 VALID=11
# OPA=128 OPB=127
# --------------------------------
# REFERENCE MODEL OUTPUTS :
# RES_EXP=255
# OFLOW_EXP=0
# COUT_EXP=0
# G_EXP=0
# L_EXP=0
# E_EXP=0
# ERR_EXP=0
# --------------------------------
# DUT OUTPUTS :
# RES=255
# OFLOW=0
# COUT=0
# G=0
# L=0
# E=0
# ERR=0
# --------------------------------
# STATUS : PASS
# ================================================
# 
# ================================================
# TIME = 515
# INPUTS :
# MODE=1 CE=1 CMD=14 CIN=0 VALID=11
# OPA=128 OPB=127
# --------------------------------
# REFERENCE MODEL OUTPUTS :
# RES_EXP=255
# OFLOW_EXP=0
# COUT_EXP=0
# G_EXP=0
# L_EXP=0
# E_EXP=0
# ERR_EXP=0
# --------------------------------
# DUT OUTPUTS :
# RES=255
# OFLOW=0
# COUT=0
# G=0
# L=0
# E=0
# ERR=0
# --------------------------------
# STATUS : PASS
# ================================================
# 
# ================================================
# TIME = 525
# INPUTS :
# MODE=1 CE=1 CMD=15 CIN=0 VALID=11
# OPA=128 OPB=127
# --------------------------------
# REFERENCE MODEL OUTPUTS :
# RES_EXP=255
# OFLOW_EXP=0
# COUT_EXP=0
# G_EXP=0
# L_EXP=0
# E_EXP=0
# ERR_EXP=0
# --------------------------------
# DUT OUTPUTS :
# RES=255
# OFLOW=0
# COUT=0
# G=0
# L=0
# E=0
# ERR=0
# --------------------------------
# STATUS : PASS
# ================================================
# 
# ================================================
# TIME = 535
# INPUTS :
# MODE=1 CE=1 CMD=0 CIN=0 VALID=01
# OPA=128 OPB=127
# --------------------------------
# REFERENCE MODEL OUTPUTS :
# RES_EXP=0
# OFLOW_EXP=0
# COUT_EXP=0
# G_EXP=0
# L_EXP=0
# E_EXP=0
# ERR_EXP=1
# --------------------------------
# DUT OUTPUTS :
# RES=0
# OFLOW=0
# COUT=0
# G=0
# L=0
# E=0
# ERR=0
# --------------------------------
# STATUS : FAIL
# ================================================
# 
# ================================================
# TIME = 545
# INPUTS :
# MODE=1 CE=1 CMD=0 CIN=0 VALID=10
# OPA=128 OPB=127
# --------------------------------
# REFERENCE MODEL OUTPUTS :
# RES_EXP=0
# OFLOW_EXP=0
# COUT_EXP=0
# G_EXP=0
# L_EXP=0
# E_EXP=0
# ERR_EXP=1
# --------------------------------
# DUT OUTPUTS :
# RES=0
# OFLOW=0
# COUT=0
# G=0
# L=0
# E=0
# ERR=0
# --------------------------------
# STATUS : FAIL
# ================================================
# 
# ================================================
# TIME = 555
# INPUTS :
# MODE=0 CE=1 CMD=14 CIN=0 VALID=11
# OPA=128 OPB=127
# --------------------------------
# REFERENCE MODEL OUTPUTS :
# RES_EXP=0
# OFLOW_EXP=0
# COUT_EXP=0
# G_EXP=0
# L_EXP=0
# E_EXP=0
# ERR_EXP=1
# --------------------------------
# DUT OUTPUTS :
# RES=0
# OFLOW=0
# COUT=0
# G=0
# L=0
# E=0
# ERR=1
# --------------------------------
# STATUS : PASS
# ================================================
# 
# ================================================
# TIME = 565
# INPUTS :
# MODE=1 CE=1 CMD=11 CIN=0 VALID=11
# OPA=127 OPB=1
# --------------------------------
# REFERENCE MODEL OUTPUTS :
# RES_EXP=0
# OFLOW_EXP=0
# COUT_EXP=0
# G_EXP=0
# L_EXP=0
# E_EXP=0
# ERR_EXP=1
# --------------------------------
# DUT OUTPUTS :
# RES=0
# OFLOW=0
# COUT=0
# G=0
# L=0
# E=0
# ERR=1
# --------------------------------
# STATUS : PASS
# ================================================
# 
# ================================================
# TIME = 575
# INPUTS :
# MODE=1 CE=1 CMD=11 CIN=0 VALID=11
# OPA=128 OPB=255
# --------------------------------
# REFERENCE MODEL OUTPUTS :
# RES_EXP=0
# OFLOW_EXP=0
# COUT_EXP=0
# G_EXP=0
# L_EXP=0
# E_EXP=0
# ERR_EXP=1
# --------------------------------
# DUT OUTPUTS :
# RES=0
# OFLOW=0
# COUT=0
# G=0
# L=0
# E=0
# ERR=1
# --------------------------------
# STATUS : PASS
# ================================================
# 
# ================================================
# TIME = 585
# INPUTS :
# MODE=1 CE=1 CMD=12 CIN=0 VALID=11
# OPA=127 OPB=255
# --------------------------------
# REFERENCE MODEL OUTPUTS :
# RES_EXP=128
# OFLOW_EXP=1
# COUT_EXP=0
# G_EXP=1
# L_EXP=0
# E_EXP=0
# ERR_EXP=0
# --------------------------------
# DUT OUTPUTS :
# RES=128
# OFLOW=1
# COUT=0
# G=1
# L=0
# E=0
# ERR=0
# --------------------------------
# STATUS : PASS
# ================================================
# 
# ================================================
# TIME = 595
# INPUTS :
# MODE=1 CE=1 CMD=12 CIN=0 VALID=11
# OPA=128 OPB=1
# --------------------------------
# REFERENCE MODEL OUTPUTS :
# RES_EXP=127
# OFLOW_EXP=1
# COUT_EXP=1
# G_EXP=0
# L_EXP=1
# E_EXP=0
# ERR_EXP=0
# --------------------------------
# DUT OUTPUTS :
# RES=65407
# OFLOW=1
# COUT=1
# G=0
# L=1
# E=0
# ERR=0
# --------------------------------
# STATUS : FAIL
# ================================================
# 
# ================================================
# TIME = 605
# INPUTS :
# MODE=1 CE=1 CMD=9 CIN=0 VALID=11
# OPA=10 OPB=58
# --------------------------------
# REFERENCE MODEL OUTPUTS :
# RES_EXP=128
# OFLOW_EXP=1
# COUT_EXP=0
# G_EXP=1
# L_EXP=0
# E_EXP=0
# ERR_EXP=0
# --------------------------------
# DUT OUTPUTS :
# RES=128
# OFLOW=1
# COUT=0
# G=1
# L=0
# E=0
# ERR=0
# --------------------------------
# STATUS : PASS
# ================================================
# 
# ================================================
# TIME = 615
# INPUTS :
# MODE=1 CE=1 CMD=9 CIN=0 VALID=11
# OPA=227 OPB=58
# --------------------------------
# REFERENCE MODEL OUTPUTS :
# RES_EXP=127
# OFLOW_EXP=1
# COUT_EXP=1
# G_EXP=0
# L_EXP=1
# E_EXP=0
# ERR_EXP=0
# --------------------------------
# DUT OUTPUTS :
# RES=65407
# OFLOW=1
# COUT=1
# G=0
# L=1
# E=0
# ERR=0
# --------------------------------
# STATUS : FAIL
# ================================================
# 
# ================================================
# TIME = 625
# INPUTS :
# MODE=1 CE=1 CMD=0 CIN=0 VALID=11
# OPA=227 OPB=58
# --------------------------------
# REFERENCE MODEL OUTPUTS :
# RES_EXP=0
# OFLOW_EXP=0
# COUT_EXP=0
# G_EXP=0
# L_EXP=0
# E_EXP=0
# ERR_EXP=0
# --------------------------------
# DUT OUTPUTS :
# RES=0
# OFLOW=0
# COUT=0
# G=0
# L=0
# E=0
# ERR=0
# --------------------------------
# STATUS : PASS
# ================================================
# 
# ================================================
# TIME = 635
# INPUTS :
# MODE=1 CE=1 CMD=0 CIN=0 VALID=11
# OPA=227 OPB=58
# --------------------------------
# REFERENCE MODEL OUTPUTS :
# RES_EXP=x
# OFLOW_EXP=0
# COUT_EXP=0
# G_EXP=0
# L_EXP=0
# E_EXP=0
# ERR_EXP=0
# --------------------------------
# DUT OUTPUTS :
# RES=0
# OFLOW=0
# COUT=0
# G=0
# L=0
# E=0
# ERR=0
# --------------------------------
# STATUS : FAIL
# ================================================
# 
# ================================================
# TIME = 645
# INPUTS :
# MODE=1 CE=1 CMD=10 CIN=0 VALID=11
# OPA=75 OPB=236
# --------------------------------
# REFERENCE MODEL OUTPUTS :
# RES_EXP=29
# OFLOW_EXP=0
# COUT_EXP=1
# G_EXP=0
# L_EXP=0
# E_EXP=0
# ERR_EXP=0
# --------------------------------
# DUT OUTPUTS :
# RES=285
# OFLOW=0
# COUT=1
# G=0
# L=0
# E=0
# ERR=0
# --------------------------------
# STATUS : FAIL
# ================================================
# 
# ================================================
# TIME = 655
# INPUTS :
# MODE=1 CE=1 CMD=10 CIN=0 VALID=11
# OPA=197 OPB=236
# --------------------------------
# REFERENCE MODEL OUTPUTS :
# RES_EXP=29
# OFLOW_EXP=0
# COUT_EXP=1
# G_EXP=0
# L_EXP=0
# E_EXP=0
# ERR_EXP=0
# --------------------------------
# DUT OUTPUTS :
# RES=285
# OFLOW=0
# COUT=1
# G=0
# L=0
# E=0
# ERR=0
# --------------------------------
# STATUS : FAIL
# ================================================
# 
# ================================================
# TIME = 665
# INPUTS :
# MODE=1 CE=1 CMD=4 CIN=0 VALID=11
# OPA=197 OPB=236
# --------------------------------
# REFERENCE MODEL OUTPUTS :
# RES_EXP=0
# OFLOW_EXP=0
# COUT_EXP=0
# G_EXP=0
# L_EXP=0
# E_EXP=0
# ERR_EXP=0
# --------------------------------
# DUT OUTPUTS :
# RES=0
# OFLOW=0
# COUT=0
# G=0
# L=0
# E=0
# ERR=0
# --------------------------------
# STATUS : PASS
# ================================================
# 
# ================================================
# TIME = 675
# INPUTS :
# MODE=1 CE=1 CMD=4 CIN=0 VALID=11
# OPA=197 OPB=236
# --------------------------------
# REFERENCE MODEL OUTPUTS :
# RES_EXP=x
# OFLOW_EXP=0
# COUT_EXP=0
# G_EXP=0
# L_EXP=0
# E_EXP=0
# ERR_EXP=0
# --------------------------------
# DUT OUTPUTS :
# RES=0
# OFLOW=0
# COUT=0
# G=0
# L=0
# E=0
# ERR=0
# --------------------------------
# STATUS : FAIL
# ================================================
# 
# ================================================
# TIME = 685
# INPUTS :
# MODE=0 CE=0 CMD=5 CIN=0 VALID=00
# OPA=75 OPB=177
# --------------------------------
# REFERENCE MODEL OUTPUTS :
# RES_EXP=198
# OFLOW_EXP=0
# COUT_EXP=0
# G_EXP=0
# L_EXP=0
# E_EXP=0
# ERR_EXP=0
# --------------------------------
# DUT OUTPUTS :
# RES=0
# OFLOW=0
# COUT=0
# G=0
# L=0
# E=0
# ERR=1
# --------------------------------
# STATUS : FAIL
# ================================================
# 
# ================================================
# TIME = 695
# INPUTS :
# MODE=0 CE=0 CMD=2 CIN=0 VALID=11
# OPA=199 OPB=223
# --------------------------------
# REFERENCE MODEL OUTPUTS :
# RES_EXP=198
# OFLOW_EXP=0
# COUT_EXP=0
# G_EXP=0
# L_EXP=0
# E_EXP=0
# ERR_EXP=0
# --------------------------------
# DUT OUTPUTS :
# RES=0
# OFLOW=0
# COUT=0
# G=0
# L=0
# E=0
# ERR=1
# --------------------------------
# STATUS : FAIL
# ================================================
# 
# ================================================
# TIME = 705
# INPUTS :
# MODE=1 CE=1 CMD=3 CIN=0 VALID=10
# OPA=186 OPB=58
# --------------------------------
# REFERENCE MODEL OUTPUTS :
# RES_EXP=198
# OFLOW_EXP=0
# COUT_EXP=0
# G_EXP=0
# L_EXP=0
# E_EXP=0
# ERR_EXP=0
# --------------------------------
# DUT OUTPUTS :
# RES=0
# OFLOW=0
# COUT=0
# G=0
# L=0
# E=0
# ERR=1
# --------------------------------
# STATUS : FAIL
# ================================================
# 
# ================================================
# TIME = 715
# INPUTS :
# MODE=1 CE=1 CMD=14 CIN=0 VALID=01
# OPA=240 OPB=157
# --------------------------------
# REFERENCE MODEL OUTPUTS :
# RES_EXP=198
# OFLOW_EXP=0
# COUT_EXP=0
# G_EXP=0
# L_EXP=0
# E_EXP=0
# ERR_EXP=0
# --------------------------------
# DUT OUTPUTS :
# RES=0
# OFLOW=0
# COUT=0
# G=0
# L=0
# E=0
# ERR=1
# --------------------------------
# STATUS : FAIL
# ================================================
# 
# ================================================
# TIME = 725
# INPUTS :
# MODE=0 CE=1 CMD=10 CIN=0 VALID=11
# OPA=130 OPB=109
# --------------------------------
# REFERENCE MODEL OUTPUTS :
# RES_EXP=0
# OFLOW_EXP=0
# COUT_EXP=0
# G_EXP=0
# L_EXP=0
# E_EXP=0
# ERR_EXP=1
# --------------------------------
# DUT OUTPUTS :
# RES=0
# OFLOW=0
# COUT=0
# G=0
# L=0
# E=0
# ERR=1
# --------------------------------
# STATUS : PASS
# ================================================
# 
# ================================================
# TIME = 735
# INPUTS :
# MODE=0 CE=1 CMD=6 CIN=0 VALID=10
# OPA=193 OPB=39
# --------------------------------
# REFERENCE MODEL OUTPUTS :
# RES_EXP=0
# OFLOW_EXP=0
# COUT_EXP=0
# G_EXP=0
# L_EXP=0
# E_EXP=0
# ERR_EXP=1
# --------------------------------
# DUT OUTPUTS :
# RES=0
# OFLOW=0
# COUT=0
# G=0
# L=0
# E=0
# ERR=0
# --------------------------------
# STATUS : FAIL
# ================================================
# 
# ================================================
# TIME = 745
# INPUTS :
# MODE=1 CE=1 CMD=11 CIN=0 VALID=11
# OPA=239 OPB=63
# --------------------------------
# REFERENCE MODEL OUTPUTS :
# RES_EXP=54
# OFLOW_EXP=0
# COUT_EXP=0
# G_EXP=0
# L_EXP=0
# E_EXP=0
# ERR_EXP=0
# --------------------------------
# DUT OUTPUTS :
# RES=0
# OFLOW=0
# COUT=0
# G=0
# L=0
# E=0
# ERR=1
# --------------------------------
# STATUS : FAIL
# ================================================
# 
# ================================================
# TIME = 755
# INPUTS :
# MODE=1 CE=1 CMD=2 CIN=0 VALID=11
# OPA=144 OPB=220
# --------------------------------
# REFERENCE MODEL OUTPUTS :
# RES_EXP=40
# OFLOW_EXP=0
# COUT_EXP=0
# G_EXP=0
# L_EXP=0
# E_EXP=0
# ERR_EXP=0
# --------------------------------
# DUT OUTPUTS :
# RES=0
# OFLOW=0
# COUT=0
# G=0
# L=0
# E=0
# ERR=1
# --------------------------------
# STATUS : FAIL
# ================================================
# 
# ================================================
# TIME = 765
# INPUTS :
# MODE=0 CE=0 CMD=4 CIN=0 VALID=10
# OPA=211 OPB=165
# --------------------------------
# REFERENCE MODEL OUTPUTS :
# RES_EXP=46
# OFLOW_EXP=0
# COUT_EXP=0
# G_EXP=0
# L_EXP=1
# E_EXP=0
# ERR_EXP=0
# --------------------------------
# DUT OUTPUTS :
# RES=46
# OFLOW=0
# COUT=0
# G=0
# L=1
# E=0
# ERR=0
# --------------------------------
# STATUS : PASS
# ================================================
# 
# ================================================
# TIME = 775
# INPUTS :
# MODE=1 CE=1 CMD=13 CIN=0 VALID=11
# OPA=167 OPB=146
# --------------------------------
# REFERENCE MODEL OUTPUTS :
# RES_EXP=46
# OFLOW_EXP=0
# COUT_EXP=0
# G_EXP=0
# L_EXP=1
# E_EXP=0
# ERR_EXP=0
# --------------------------------
# DUT OUTPUTS :
# RES=364
# OFLOW=0
# COUT=1
# G=0
# L=0
# E=0
# ERR=0
# --------------------------------
# STATUS : FAIL
# ================================================
# 
# ================================================
# TIME = 785
# INPUTS :
# MODE=1 CE=1 CMD=11 CIN=0 VALID=01
# OPA=78 OPB=157
# --------------------------------
# REFERENCE MODEL OUTPUTS :
# RES_EXP=108
# OFLOW_EXP=0
# COUT_EXP=1
# G_EXP=0
# L_EXP=0
# E_EXP=0
# ERR_EXP=0
# --------------------------------
# DUT OUTPUTS :
# RES=364
# OFLOW=0
# COUT=1
# G=0
# L=0
# E=0
# ERR=0
# --------------------------------
# STATUS : FAIL
# ================================================
# 
# ================================================
# TIME = 795
# INPUTS :
# MODE=0 CE=1 CMD=3 CIN=0 VALID=01
# OPA=219 OPB=78
# --------------------------------
# REFERENCE MODEL OUTPUTS :
# RES_EXP=0
# OFLOW_EXP=0
# COUT_EXP=0
# G_EXP=0
# L_EXP=0
# E_EXP=0
# ERR_EXP=1
# --------------------------------
# DUT OUTPUTS :
# RES=0
# OFLOW=0
# COUT=0
# G=0
# L=0
# E=0
# ERR=0
# --------------------------------
# STATUS : FAIL
# ================================================
# 
# ================================================
# TIME = 805
# INPUTS :
# MODE=0 CE=1 CMD=0 CIN=0 VALID=01
# OPA=204 OPB=226
# --------------------------------
# REFERENCE MODEL OUTPUTS :
# RES_EXP=0
# OFLOW_EXP=0
# COUT_EXP=0
# G_EXP=0
# L_EXP=0
# E_EXP=0
# ERR_EXP=1
# --------------------------------
# DUT OUTPUTS :
# RES=0
# OFLOW=0
# COUT=0
# G=0
# L=0
# E=0
# ERR=1
# --------------------------------
# STATUS : PASS
# ================================================
# 
# ================================================
# TIME = 815
# INPUTS :
# MODE=0 CE=1 CMD=13 CIN=0 VALID=10
# OPA=208 OPB=211
# --------------------------------
# REFERENCE MODEL OUTPUTS :
# RES_EXP=0
# OFLOW_EXP=0
# COUT_EXP=0
# G_EXP=0
# L_EXP=0
# E_EXP=0
# ERR_EXP=1
# --------------------------------
# DUT OUTPUTS :
# RES=0
# OFLOW=0
# COUT=0
# G=0
# L=0
# E=0
# ERR=1
# --------------------------------
# STATUS : PASS
# ================================================
# 
# ================================================
# TIME = 825
# INPUTS :
# MODE=1 CE=1 CMD=1 CIN=0 VALID=11
# OPA=15 OPB=129
# --------------------------------
# REFERENCE MODEL OUTPUTS :
# RES_EXP=0
# OFLOW_EXP=0
# COUT_EXP=0
# G_EXP=0
# L_EXP=0
# E_EXP=0
# ERR_EXP=1
# --------------------------------
# DUT OUTPUTS :
# RES=0
# OFLOW=0
# COUT=0
# G=0
# L=0
# E=0
# ERR=1
# --------------------------------
# STATUS : PASS
# ================================================
# 
# ================================================
# TIME = 835
# INPUTS :
# MODE=1 CE=1 CMD=3 CIN=0 VALID=11
# OPA=41 OPB=39
# --------------------------------
# REFERENCE MODEL OUTPUTS :
# RES_EXP=0
# OFLOW_EXP=0
# COUT_EXP=0
# G_EXP=0
# L_EXP=0
# E_EXP=0
# ERR_EXP=1
# --------------------------------
# DUT OUTPUTS :
# RES=0
# OFLOW=0
# COUT=0
# G=0
# L=0
# E=0
# ERR=1
# --------------------------------
# STATUS : PASS
# ================================================
# 
# ================================================
# TIME = 845
# INPUTS :
# MODE=0 CE=1 CMD=15 CIN=0 VALID=01
# OPA=200 OPB=240
# --------------------------------
# REFERENCE MODEL OUTPUTS :
# RES_EXP=142
# OFLOW_EXP=0
# COUT_EXP=0
# G_EXP=0
# L_EXP=0
# E_EXP=0
# ERR_EXP=0
# --------------------------------
# DUT OUTPUTS :
# RES=65422
# OFLOW=0
# COUT=0
# G=0
# L=0
# E=0
# ERR=0
# --------------------------------
# STATUS : FAIL
# ================================================
# 
# ================================================
# TIME = 855
# INPUTS :
# MODE=1 CE=1 CMD=15 CIN=0 VALID=11
# OPA=179 OPB=132
# --------------------------------
# REFERENCE MODEL OUTPUTS :
# RES_EXP=65488
# OFLOW_EXP=0
# COUT_EXP=0
# G_EXP=0
# L_EXP=0
# E_EXP=0
# ERR_EXP=0
# --------------------------------
# DUT OUTPUTS :
# RES=2
# OFLOW=0
# COUT=0
# G=0
# L=0
# E=0
# ERR=0
# --------------------------------
# STATUS : FAIL
# ================================================
# 
# ================================================
# TIME = 865
# INPUTS :
# MODE=1 CE=0 CMD=5 CIN=0 VALID=00
# OPA=125 OPB=226
# --------------------------------
# REFERENCE MODEL OUTPUTS :
# RES_EXP=0
# OFLOW_EXP=0
# COUT_EXP=0
# G_EXP=0
# L_EXP=0
# E_EXP=0
# ERR_EXP=1
# --------------------------------
# DUT OUTPUTS :
# RES=0
# OFLOW=0
# COUT=0
# G=0
# L=0
# E=0
# ERR=1
# --------------------------------
# STATUS : PASS
# ================================================
# 
# ================================================
# TIME = 875
# INPUTS :
# MODE=0 CE=1 CMD=4 CIN=0 VALID=11
# OPA=113 OPB=189
# --------------------------------
# REFERENCE MODEL OUTPUTS :
# RES_EXP=0
# OFLOW_EXP=0
# COUT_EXP=0
# G_EXP=0
# L_EXP=0
# E_EXP=0
# ERR_EXP=1
# --------------------------------
# DUT OUTPUTS :
# RES=0
# OFLOW=0
# COUT=0
# G=0
# L=0
# E=0
# ERR=0
# --------------------------------
# STATUS : FAIL
# ================================================
# 
# ================================================
# TIME = 885
# INPUTS :
# MODE=0 CE=0 CMD=13 CIN=0 VALID=00
# OPA=221 OPB=246
# --------------------------------
# REFERENCE MODEL OUTPUTS :
# RES_EXP=0
# OFLOW_EXP=0
# COUT_EXP=0
# G_EXP=0
# L_EXP=0
# E_EXP=0
# ERR_EXP=1
# --------------------------------
# DUT OUTPUTS :
# RES=0
# OFLOW=0
# COUT=0
# G=0
# L=0
# E=0
# ERR=0
# --------------------------------
# STATUS : FAIL
# ================================================
# 
# ================================================
# TIME = 895
# INPUTS :
# MODE=0 CE=1 CMD=6 CIN=0 VALID=11
# OPA=194 OPB=165
# --------------------------------
# REFERENCE MODEL OUTPUTS :
# RES_EXP=0
# OFLOW_EXP=0
# COUT_EXP=0
# G_EXP=0
# L_EXP=0
# E_EXP=0
# ERR_EXP=1
# --------------------------------
# DUT OUTPUTS :
# RES=204
# OFLOW=0
# COUT=0
# G=0
# L=0
# E=0
# ERR=0
# --------------------------------
# STATUS : FAIL
# ================================================
# 
# ================================================
# TIME = 905
# INPUTS :
# MODE=1 CE=1 CMD=15 CIN=0 VALID=11
# OPA=7 OPB=150
# --------------------------------
# REFERENCE MODEL OUTPUTS :
# RES_EXP=204
# OFLOW_EXP=0
# COUT_EXP=0
# G_EXP=0
# L_EXP=0
# E_EXP=0
# ERR_EXP=0
# --------------------------------
# DUT OUTPUTS :
# RES=204
# OFLOW=0
# COUT=0
# G=0
# L=0
# E=0
# ERR=0
# --------------------------------
# STATUS : PASS
# ================================================
# 
# ================================================
# TIME = 915
# INPUTS :
# MODE=1 CE=1 CMD=8 CIN=0 VALID=00
# OPA=146 OPB=151
# --------------------------------
# REFERENCE MODEL OUTPUTS :
# RES_EXP=166
# OFLOW_EXP=0
# COUT_EXP=0
# G_EXP=0
# L_EXP=0
# E_EXP=0
# ERR_EXP=0
# --------------------------------
# DUT OUTPUTS :
# RES=0
# OFLOW=0
# COUT=0
# G=0
# L=0
# E=0
# ERR=1
# --------------------------------
# STATUS : FAIL
# ================================================
# 
# ================================================
# TIME = 925
# INPUTS :
# MODE=0 CE=1 CMD=9 CIN=0 VALID=10
# OPA=161 OPB=212
# --------------------------------
# REFERENCE MODEL OUTPUTS :
# RES_EXP=0
# OFLOW_EXP=0
# COUT_EXP=0
# G_EXP=0
# L_EXP=0
# E_EXP=0
# ERR_EXP=1
# --------------------------------
# DUT OUTPUTS :
# RES=0
# OFLOW=0
# COUT=0
# G=0
# L=0
# E=0
# ERR=0
# --------------------------------
# STATUS : FAIL
# ================================================
# 
# ================================================
# TIME = 935
# INPUTS :
# MODE=1 CE=0 CMD=0 CIN=0 VALID=01
# OPA=157 OPB=131
# --------------------------------
# REFERENCE MODEL OUTPUTS :
# RES_EXP=0
# OFLOW_EXP=0
# COUT_EXP=0
# G_EXP=0
# L_EXP=0
# E_EXP=0
# ERR_EXP=1
# --------------------------------
# DUT OUTPUTS :
# RES=0
# OFLOW=0
# COUT=0
# G=0
# L=0
# E=0
# ERR=1
# --------------------------------
# STATUS : PASS
# ================================================
# 
# ================================================
# TIME = 945
# INPUTS :
# MODE=1 CE=0 CMD=13 CIN=0 VALID=10
# OPA=150 OPB=72
# --------------------------------
# REFERENCE MODEL OUTPUTS :
# RES_EXP=0
# OFLOW_EXP=0
# COUT_EXP=0
# G_EXP=0
# L_EXP=0
# E_EXP=0
# ERR_EXP=1
# --------------------------------
# DUT OUTPUTS :
# RES=0
# OFLOW=0
# COUT=0
# G=0
# L=0
# E=0
# ERR=1
# --------------------------------
# STATUS : PASS
# ================================================
# 
# ================================================
# TIME = 955
# INPUTS :
# MODE=1 CE=1 CMD=2 CIN=0 VALID=00
# OPA=97 OPB=103
# --------------------------------
# REFERENCE MODEL OUTPUTS :
# RES_EXP=0
# OFLOW_EXP=0
# COUT_EXP=0
# G_EXP=0
# L_EXP=0
# E_EXP=0
# ERR_EXP=1
# --------------------------------
# DUT OUTPUTS :
# RES=0
# OFLOW=0
# COUT=0
# G=0
# L=0
# E=0
# ERR=1
# --------------------------------
# STATUS : PASS
# ================================================
# 
# ================================================
# TIME = 965
# INPUTS :
# MODE=1 CE=1 CMD=12 CIN=0 VALID=11
# OPA=137 OPB=215
# --------------------------------
# REFERENCE MODEL OUTPUTS :
# RES_EXP=0
# OFLOW_EXP=0
# COUT_EXP=0
# G_EXP=0
# L_EXP=0
# E_EXP=0
# ERR_EXP=1
# --------------------------------
# DUT OUTPUTS :
# RES=0
# OFLOW=0
# COUT=0
# G=0
# L=0
# E=0
# ERR=1
# --------------------------------
# STATUS : PASS
# ================================================
# 
# ================================================
# TIME = 975
# INPUTS :
# MODE=0 CE=1 CMD=4 CIN=0 VALID=10
# OPA=158 OPB=235
# --------------------------------
# REFERENCE MODEL OUTPUTS :
# RES_EXP=0
# OFLOW_EXP=0
# COUT_EXP=0
# G_EXP=0
# L_EXP=0
# E_EXP=0
# ERR_EXP=1
# --------------------------------
# DUT OUTPUTS :
# RES=0
# OFLOW=0
# COUT=0
# G=0
# L=0
# E=0
# ERR=1
# --------------------------------
# STATUS : PASS
# ================================================
# 
# ================================================
# TIME = 985
# INPUTS :
# MODE=0 CE=1 CMD=2 CIN=0 VALID=01
# OPA=235 OPB=208
# --------------------------------
# REFERENCE MODEL OUTPUTS :
# RES_EXP=196
# OFLOW_EXP=0
# COUT_EXP=0
# G_EXP=0
# L_EXP=0
# E_EXP=0
# ERR_EXP=0
# --------------------------------
# DUT OUTPUTS :
# RES=65458
# OFLOW=0
# COUT=1
# G=0
# L=1
# E=0
# ERR=0
# --------------------------------
# STATUS : FAIL
# ================================================
# 
# ================================================
# TIME = 995
# INPUTS :
# MODE=1 CE=1 CMD=14 CIN=0 VALID=10
# OPA=37 OPB=11
# --------------------------------
# REFERENCE MODEL OUTPUTS :
# RES_EXP=0
# OFLOW_EXP=0
# COUT_EXP=0
# G_EXP=0
# L_EXP=0
# E_EXP=0
# ERR_EXP=1
# --------------------------------
# DUT OUTPUTS :
# RES=0
# OFLOW=0
# COUT=0
# G=0
# L=0
# E=0
# ERR=1
# --------------------------------
# STATUS : PASS
# ================================================
# 
# ================================================
# TIME = 1005
# INPUTS :
# MODE=0 CE=0 CMD=4 CIN=0 VALID=11
# OPA=3 OPB=225
# --------------------------------
# REFERENCE MODEL OUTPUTS :
# RES_EXP=0
# OFLOW_EXP=0
# COUT_EXP=0
# G_EXP=0
# L_EXP=0
# E_EXP=0
# ERR_EXP=1
# --------------------------------
# DUT OUTPUTS :
# RES=0
# OFLOW=0
# COUT=0
# G=0
# L=0
# E=0
# ERR=1
# --------------------------------
# STATUS : PASS
# ================================================
# 
# ================================================
# TIME = 1015
# INPUTS :
# MODE=1 CE=0 CMD=9 CIN=0 VALID=11
# OPA=60 OPB=106
# --------------------------------
# REFERENCE MODEL OUTPUTS :
# RES_EXP=0
# OFLOW_EXP=0
# COUT_EXP=0
# G_EXP=0
# L_EXP=0
# E_EXP=0
# ERR_EXP=1
# --------------------------------
# DUT OUTPUTS :
# RES=0
# OFLOW=0
# COUT=0
# G=0
# L=0
# E=0
# ERR=0
# --------------------------------
# STATUS : FAIL
# ================================================
# 
# ================================================
# TIME = 1025
# INPUTS :
# MODE=1 CE=1 CMD=1 CIN=0 VALID=01
# OPA=191 OPB=141
# --------------------------------
# REFERENCE MODEL OUTPUTS :
# RES_EXP=0
# OFLOW_EXP=0
# COUT_EXP=0
# G_EXP=0
# L_EXP=0
# E_EXP=0
# ERR_EXP=1
# --------------------------------
# DUT OUTPUTS :
# RES=0
# OFLOW=0
# COUT=0
# G=0
# L=0
# E=0
# ERR=0
# --------------------------------
# STATUS : FAIL
# ================================================
# 
# ================================================
# TIME = 1035
# INPUTS :
# MODE=0 CE=1 CMD=0 CIN=0 VALID=11
# OPA=222 OPB=150
# --------------------------------
# REFERENCE MODEL OUTPUTS :
# RES_EXP=0
# OFLOW_EXP=0
# COUT_EXP=0
# G_EXP=0
# L_EXP=0
# E_EXP=0
# ERR_EXP=1
# --------------------------------
# DUT OUTPUTS :
# RES=0
# OFLOW=0
# COUT=0
# G=0
# L=0
# E=0
# ERR=0
# --------------------------------
# STATUS : FAIL
# ================================================
# 
# ================================================
# TIME = 1045
# INPUTS :
# MODE=1 CE=1 CMD=7 CIN=0 VALID=10
# OPA=235 OPB=227
# --------------------------------
# REFERENCE MODEL OUTPUTS :
# RES_EXP=0
# OFLOW_EXP=0
# COUT_EXP=0
# G_EXP=0
# L_EXP=0
# E_EXP=0
# ERR_EXP=1
# --------------------------------
# DUT OUTPUTS :
# RES=0
# OFLOW=0
# COUT=0
# G=0
# L=0
# E=0
# ERR=1
# --------------------------------
# STATUS : PASS
# ================================================
# 
# ================================================
# TIME = 1055
# INPUTS :
# MODE=0 CE=1 CMD=14 CIN=0 VALID=11
# OPA=151 OPB=176
# --------------------------------
# REFERENCE MODEL OUTPUTS :
# RES_EXP=116
# OFLOW_EXP=0
# COUT_EXP=1
# G_EXP=0
# L_EXP=0
# E_EXP=0
# ERR_EXP=0
# --------------------------------
# DUT OUTPUTS :
# RES=150
# OFLOW=0
# COUT=0
# G=0
# L=0
# E=0
# ERR=0
# --------------------------------
# STATUS : FAIL
# ================================================
# 
# ================================================
# TIME = 1065
# INPUTS :
# MODE=1 CE=1 CMD=7 CIN=0 VALID=10
# OPA=189 OPB=246
# --------------------------------
# REFERENCE MODEL OUTPUTS :
# RES_EXP=65308
# OFLOW_EXP=0
# COUT_EXP=0
# G_EXP=0
# L_EXP=0
# E_EXP=0
# ERR_EXP=0
# --------------------------------
# DUT OUTPUTS :
# RES=226
# OFLOW=0
# COUT=0
# G=0
# L=0
# E=0
# ERR=0
# --------------------------------
# STATUS : FAIL
# ================================================
# 
# ================================================
# TIME = 1075
# INPUTS :
# MODE=0 CE=1 CMD=2 CIN=0 VALID=00
# OPA=238 OPB=116
# --------------------------------
# REFERENCE MODEL OUTPUTS :
# RES_EXP=0
# OFLOW_EXP=0
# COUT_EXP=0
# G_EXP=0
# L_EXP=0
# E_EXP=0
# ERR_EXP=1
# --------------------------------
# DUT OUTPUTS :
# RES=0
# OFLOW=0
# COUT=0
# G=0
# L=0
# E=0
# ERR=1
# --------------------------------
# STATUS : PASS
# ================================================
# 
# ================================================
# TIME = 1085
# INPUTS :
# MODE=1 CE=1 CMD=13 CIN=0 VALID=00
# OPA=192 OPB=9
# --------------------------------
# REFERENCE MODEL OUTPUTS :
# RES_EXP=65289
# OFLOW_EXP=0
# COUT_EXP=0
# G_EXP=0
# L_EXP=0
# E_EXP=0
# ERR_EXP=0
# --------------------------------
# DUT OUTPUTS :
# RES=245
# OFLOW=0
# COUT=0
# G=0
# L=0
# E=0
# ERR=0
# --------------------------------
# STATUS : FAIL
# ================================================
# 
# ================================================
# TIME = 1095
# INPUTS :
# MODE=0 CE=0 CMD=7 CIN=0 VALID=11
# OPA=216 OPB=45
# --------------------------------
# REFERENCE MODEL OUTPUTS :
# RES_EXP=0
# OFLOW_EXP=0
# COUT_EXP=0
# G_EXP=0
# L_EXP=0
# E_EXP=0
# ERR_EXP=1
# --------------------------------
# DUT OUTPUTS :
# RES=0
# OFLOW=0
# COUT=0
# G=0
# L=0
# E=0
# ERR=1
# --------------------------------
# STATUS : PASS
# ================================================
# 
# ================================================
# TIME = 1105
# INPUTS :
# MODE=1 CE=1 CMD=9 CIN=0 VALID=10
# OPA=150 OPB=216
# --------------------------------
# REFERENCE MODEL OUTPUTS :
# RES_EXP=0
# OFLOW_EXP=0
# COUT_EXP=0
# G_EXP=0
# L_EXP=0
# E_EXP=0
# ERR_EXP=1
# --------------------------------
# DUT OUTPUTS :
# RES=0
# OFLOW=0
# COUT=0
# G=0
# L=0
# E=0
# ERR=0
# --------------------------------
# STATUS : FAIL
# ================================================
# 
# ================================================
# TIME = 1115
# INPUTS :
# MODE=0 CE=1 CMD=9 CIN=0 VALID=10
# OPA=0 OPB=82
# --------------------------------
# REFERENCE MODEL OUTPUTS :
# RES_EXP=0
# OFLOW_EXP=0
# COUT_EXP=0
# G_EXP=0
# L_EXP=0
# E_EXP=0
# ERR_EXP=1
# --------------------------------
# DUT OUTPUTS :
# RES=0
# OFLOW=0
# COUT=0
# G=0
# L=0
# E=0
# ERR=0
# --------------------------------
# STATUS : FAIL
# ================================================
# 
# ================================================
# TIME = 1125
# INPUTS :
# MODE=0 CE=0 CMD=15 CIN=0 VALID=01
# OPA=248 OPB=183
# --------------------------------
# REFERENCE MODEL OUTPUTS :
# RES_EXP=0
# OFLOW_EXP=0
# COUT_EXP=0
# G_EXP=0
# L_EXP=0
# E_EXP=0
# ERR_EXP=1
# --------------------------------
# DUT OUTPUTS :
# RES=0
# OFLOW=0
# COUT=0
# G=0
# L=0
# E=0
# ERR=1
# --------------------------------
# STATUS : PASS
# ================================================
# 
# ================================================
# TIME = 1135
# INPUTS :
# MODE=0 CE=1 CMD=10 CIN=0 VALID=10
# OPA=32 OPB=6
# --------------------------------
# REFERENCE MODEL OUTPUTS :
# RES_EXP=0
# OFLOW_EXP=0
# COUT_EXP=0
# G_EXP=0
# L_EXP=0
# E_EXP=0
# ERR_EXP=1
# --------------------------------
# DUT OUTPUTS :
# RES=0
# OFLOW=0
# COUT=0
# G=0
# L=0
# E=0
# ERR=1
# --------------------------------
# STATUS : PASS
# ================================================
# 
# ================================================
# TIME = 1145
# INPUTS :
# MODE=1 CE=1 CMD=4 CIN=0 VALID=11
# OPA=210 OPB=208
# --------------------------------
# REFERENCE MODEL OUTPUTS :
# RES_EXP=0
# OFLOW_EXP=0
# COUT_EXP=0
# G_EXP=0
# L_EXP=0
# E_EXP=0
# ERR_EXP=1
# --------------------------------
# DUT OUTPUTS :
# RES=0
# OFLOW=0
# COUT=0
# G=0
# L=0
# E=0
# ERR=1
# --------------------------------
# STATUS : PASS
# ================================================
# 
# ================================================
# TIME = 1155
# INPUTS :
# MODE=1 CE=1 CMD=11 CIN=0 VALID=10
# OPA=193 OPB=245
# --------------------------------
# REFERENCE MODEL OUTPUTS :
# RES_EXP=0
# OFLOW_EXP=0
# COUT_EXP=0
# G_EXP=0
# L_EXP=0
# E_EXP=0
# ERR_EXP=1
# --------------------------------
# DUT OUTPUTS :
# RES=3
# OFLOW=0
# COUT=0
# G=0
# L=0
# E=0
# ERR=0
# --------------------------------
# STATUS : FAIL
# ================================================
# 
# ================================================
# TIME = 1165
# INPUTS :
# MODE=1 CE=1 CMD=1 CIN=0 VALID=10
# OPA=9 OPB=31
# --------------------------------
# REFERENCE MODEL OUTPUTS :
# RES_EXP=211
# OFLOW_EXP=0
# COUT_EXP=0
# G_EXP=0
# L_EXP=0
# E_EXP=0
# ERR_EXP=0
# --------------------------------
# DUT OUTPUTS :
# RES=0
# OFLOW=0
# COUT=0
# G=0
# L=0
# E=0
# ERR=1
# --------------------------------
# STATUS : FAIL
# ================================================
# 
# ================================================
# TIME = 1175
# INPUTS :
# MODE=0 CE=1 CMD=4 CIN=0 VALID=00
# OPA=139 OPB=121
# --------------------------------
# REFERENCE MODEL OUTPUTS :
# RES_EXP=0
# OFLOW_EXP=0
# COUT_EXP=0
# G_EXP=0
# L_EXP=0
# E_EXP=0
# ERR_EXP=1
# --------------------------------
# DUT OUTPUTS :
# RES=0
# OFLOW=0
# COUT=0
# G=0
# L=0
# E=0
# ERR=1
# --------------------------------
# STATUS : PASS
# ================================================
# 
# ================================================
# TIME = 1185
# INPUTS :
# MODE=1 CE=1 CMD=14 CIN=0 VALID=10
# OPA=109 OPB=255
# --------------------------------
# REFERENCE MODEL OUTPUTS :
# RES_EXP=0
# OFLOW_EXP=0
# COUT_EXP=0
# G_EXP=0
# L_EXP=0
# E_EXP=0
# ERR_EXP=1
# --------------------------------
# DUT OUTPUTS :
# RES=0
# OFLOW=0
# COUT=0
# G=0
# L=0
# E=0
# ERR=1
# --------------------------------
# STATUS : PASS
# ================================================
# 
# ================================================
# TIME = 1195
# INPUTS :
# MODE=1 CE=1 CMD=8 CIN=0 VALID=01
# OPA=162 OPB=225
# --------------------------------
# REFERENCE MODEL OUTPUTS :
# RES_EXP=0
# OFLOW_EXP=0
# COUT_EXP=0
# G_EXP=0
# L_EXP=0
# E_EXP=0
# ERR_EXP=1
# --------------------------------
# DUT OUTPUTS :
# RES=0
# OFLOW=0
# COUT=0
# G=0
# L=0
# E=0
# ERR=1
# --------------------------------
# STATUS : PASS
# ================================================
# 
# ================================================
# TIME = 1205
# INPUTS :
# MODE=1 CE=1 CMD=13 CIN=0 VALID=11
# OPA=67 OPB=220
# --------------------------------
# REFERENCE MODEL OUTPUTS :
# RES_EXP=0
# OFLOW_EXP=0
# COUT_EXP=0
# G_EXP=0
# L_EXP=0
# E_EXP=0
# ERR_EXP=1
# --------------------------------
# DUT OUTPUTS :
# RES=0
# OFLOW=0
# COUT=0
# G=0
# L=0
# E=0
# ERR=0
# --------------------------------
# STATUS : FAIL
# ================================================
# 
# ================================================
# TIME = 1215
# INPUTS :
# MODE=0 CE=0 CMD=8 CIN=0 VALID=10
# OPA=13 OPB=133
# --------------------------------
# REFERENCE MODEL OUTPUTS :
# RES_EXP=0
# OFLOW_EXP=0
# COUT_EXP=0
# G_EXP=0
# L_EXP=0
# E_EXP=0
# ERR_EXP=1
# --------------------------------
# DUT OUTPUTS :
# RES=0
# OFLOW=0
# COUT=0
# G=0
# L=0
# E=0
# ERR=1
# --------------------------------
# STATUS : PASS
# ================================================
# 
# ================================================
# TIME = 1225
# INPUTS :
# MODE=1 CE=1 CMD=9 CIN=0 VALID=00
# OPA=130 OPB=217
# --------------------------------
# REFERENCE MODEL OUTPUTS :
# RES_EXP=0
# OFLOW_EXP=0
# COUT_EXP=0
# G_EXP=0
# L_EXP=0
# E_EXP=0
# ERR_EXP=1
# --------------------------------
# DUT OUTPUTS :
# RES=0
# OFLOW=0
# COUT=0
# G=0
# L=0
# E=0
# ERR=0
# --------------------------------
# STATUS : FAIL
# ================================================
# 
# ================================================
# TIME = 1235
# INPUTS :
# MODE=1 CE=1 CMD=15 CIN=0 VALID=01
# OPA=74 OPB=242
# --------------------------------
# REFERENCE MODEL OUTPUTS :
# RES_EXP=0
# OFLOW_EXP=0
# COUT_EXP=0
# G_EXP=0
# L_EXP=0
# E_EXP=0
# ERR_EXP=1
# --------------------------------
# DUT OUTPUTS :
# RES=0
# OFLOW=0
# COUT=0
# G=0
# L=0
# E=0
# ERR=0
# --------------------------------
# STATUS : FAIL
# ================================================
# 
# ================================================
# TIME = 1245
# INPUTS :
# MODE=0 CE=0 CMD=2 CIN=0 VALID=00
# OPA=5 OPB=73
# --------------------------------
# REFERENCE MODEL OUTPUTS :
# RES_EXP=0
# OFLOW_EXP=0
# COUT_EXP=0
# G_EXP=0
# L_EXP=0
# E_EXP=0
# ERR_EXP=1
# --------------------------------
# DUT OUTPUTS :
# RES=0
# OFLOW=0
# COUT=0
# G=0
# L=0
# E=0
# ERR=1
# --------------------------------
# STATUS : PASS
# ================================================
# 
# ================================================
# TIME = 1255
# INPUTS :
# MODE=1 CE=1 CMD=14 CIN=0 VALID=10
# OPA=28 OPB=212
# --------------------------------
# REFERENCE MODEL OUTPUTS :
# RES_EXP=0
# OFLOW_EXP=0
# COUT_EXP=0
# G_EXP=0
# L_EXP=0
# E_EXP=0
# ERR_EXP=1
# --------------------------------
# DUT OUTPUTS :
# RES=0
# OFLOW=0
# COUT=0
# G=0
# L=0
# E=0
# ERR=0
# --------------------------------
# STATUS : FAIL
# ================================================
# 
# ================================================
# TIME = 1265
# INPUTS :
# MODE=1 CE=1 CMD=1 CIN=0 VALID=10
# OPA=25 OPB=16
# --------------------------------
# REFERENCE MODEL OUTPUTS :
# RES_EXP=0
# OFLOW_EXP=0
# COUT_EXP=0
# G_EXP=0
# L_EXP=0
# E_EXP=0
# ERR_EXP=1
# --------------------------------
# DUT OUTPUTS :
# RES=0
# OFLOW=0
# COUT=0
# G=0
# L=0
# E=0
# ERR=0
# --------------------------------
# STATUS : FAIL
# ================================================
# 
# ================================================
# TIME = 1275
# INPUTS :
# MODE=1 CE=1 CMD=14 CIN=0 VALID=01
# OPA=143 OPB=66
# --------------------------------
# REFERENCE MODEL OUTPUTS :
# RES_EXP=0
# OFLOW_EXP=0
# COUT_EXP=0
# G_EXP=0
# L_EXP=0
# E_EXP=0
# ERR_EXP=1
# --------------------------------
# DUT OUTPUTS :
# RES=0
# OFLOW=0
# COUT=0
# G=0
# L=0
# E=0
# ERR=0
# --------------------------------
# STATUS : FAIL
# ================================================
# 
# ================================================
# TIME = 1285
# INPUTS :
# MODE=0 CE=1 CMD=2 CIN=0 VALID=11
# OPA=127 OPB=71
# --------------------------------
# REFERENCE MODEL OUTPUTS :
# RES_EXP=0
# OFLOW_EXP=0
# COUT_EXP=0
# G_EXP=0
# L_EXP=0
# E_EXP=0
# ERR_EXP=1
# --------------------------------
# DUT OUTPUTS :
# RES=0
# OFLOW=0
# COUT=0
# G=0
# L=0
# E=0
# ERR=1
# --------------------------------
# STATUS : PASS
# ================================================
# 
# ================================================
# TIME = 1295
# INPUTS :
# MODE=0 CE=1 CMD=10 CIN=0 VALID=10
# OPA=119 OPB=75
# --------------------------------
# REFERENCE MODEL OUTPUTS :
# RES_EXP=0
# OFLOW_EXP=0
# COUT_EXP=0
# G_EXP=0
# L_EXP=0
# E_EXP=0
# ERR_EXP=1
# --------------------------------
# DUT OUTPUTS :
# RES=0
# OFLOW=0
# COUT=0
# G=0
# L=0
# E=0
# ERR=0
# --------------------------------
# STATUS : FAIL
# ================================================
# 
# ================================================
# TIME = 1305
# INPUTS :
# MODE=0 CE=1 CMD=0 CIN=0 VALID=11
# OPA=248 OPB=106
# --------------------------------
# REFERENCE MODEL OUTPUTS :
# RES_EXP=127
# OFLOW_EXP=0
# COUT_EXP=0
# G_EXP=0
# L_EXP=0
# E_EXP=0
# ERR_EXP=0
# --------------------------------
# DUT OUTPUTS :
# RES=127
# OFLOW=0
# COUT=0
# G=0
# L=0
# E=0
# ERR=0
# --------------------------------
# STATUS : PASS
# ================================================
# 
# ================================================
# TIME = 1315
# INPUTS :
# MODE=1 CE=1 CMD=9 CIN=0 VALID=01
# OPA=90 OPB=43
# --------------------------------
# REFERENCE MODEL OUTPUTS :
# RES_EXP=37
# OFLOW_EXP=0
# COUT_EXP=0
# G_EXP=0
# L_EXP=0
# E_EXP=0
# ERR_EXP=0
# --------------------------------
# DUT OUTPUTS :
# RES=37
# OFLOW=0
# COUT=0
# G=0
# L=0
# E=0
# ERR=0
# --------------------------------
# STATUS : PASS
# ================================================
# 
# ================================================
# TIME = 1325
# INPUTS :
# MODE=0 CE=1 CMD=12 CIN=0 VALID=11
# OPA=227 OPB=167
# --------------------------------
# REFERENCE MODEL OUTPUTS :
# RES_EXP=98
# OFLOW_EXP=0
# COUT_EXP=1
# G_EXP=0
# L_EXP=0
# E_EXP=0
# ERR_EXP=0
# --------------------------------
# DUT OUTPUTS :
# RES=104
# OFLOW=0
# COUT=0
# G=0
# L=0
# E=0
# ERR=0
# --------------------------------
# STATUS : FAIL
# ================================================
# 
# ================================================
# TIME = 1335
# INPUTS :
# MODE=1 CE=1 CMD=12 CIN=0 VALID=11
# OPA=79 OPB=247
# --------------------------------
# REFERENCE MODEL OUTPUTS :
# RES_EXP=180
# OFLOW_EXP=0
# COUT_EXP=0
# G_EXP=0
# L_EXP=0
# E_EXP=0
# ERR_EXP=0
# --------------------------------
# DUT OUTPUTS :
# RES=0
# OFLOW=0
# COUT=0
# G=0
# L=0
# E=0
# ERR=1
# --------------------------------
# STATUS : FAIL
# ================================================
# 
# ================================================
# TIME = 1345
# INPUTS :
# MODE=1 CE=1 CMD=3 CIN=0 VALID=11
# OPA=77 OPB=177
# --------------------------------
# REFERENCE MODEL OUTPUTS :
# RES_EXP=60
# OFLOW_EXP=0
# COUT_EXP=0
# G_EXP=1
# L_EXP=0
# E_EXP=0
# ERR_EXP=0
# --------------------------------
# DUT OUTPUTS :
# RES=241
# OFLOW=0
# COUT=0
# G=0
# L=0
# E=0
# ERR=1
# --------------------------------
# STATUS : FAIL
# ================================================
# 
# ================================================
# TIME = 1355
# INPUTS :
# MODE=0 CE=0 CMD=4 CIN=0 VALID=11
# OPA=91 OPB=169
# --------------------------------
# REFERENCE MODEL OUTPUTS :
# RES_EXP=88
# OFLOW_EXP=0
# COUT_EXP=0
# G_EXP=1
# L_EXP=0
# E_EXP=0
# ERR_EXP=0
# --------------------------------
# DUT OUTPUTS :
# RES=88
# OFLOW=0
# COUT=0
# G=1
# L=0
# E=0
# ERR=0
# --------------------------------
# STATUS : PASS
# ================================================
# 
# ================================================
# TIME = 1365
# INPUTS :
# MODE=0 CE=1 CMD=7 CIN=0 VALID=10
# OPA=196 OPB=255
# --------------------------------
# REFERENCE MODEL OUTPUTS :
# RES_EXP=88
# OFLOW_EXP=0
# COUT_EXP=0
# G_EXP=1
# L_EXP=0
# E_EXP=0
# ERR_EXP=0
# --------------------------------
# DUT OUTPUTS :
# RES=65436
# OFLOW=0
# COUT=0
# G=0
# L=0
# E=0
# ERR=0
# --------------------------------
# STATUS : FAIL
# ================================================
# 
# ================================================
# TIME = 1375
# INPUTS :
# MODE=1 CE=1 CMD=11 CIN=0 VALID=11
# OPA=49 OPB=129
# --------------------------------
# REFERENCE MODEL OUTPUTS :
# RES_EXP=65282
# OFLOW_EXP=0
# COUT_EXP=0
# G_EXP=0
# L_EXP=0
# E_EXP=0
# ERR_EXP=0
# --------------------------------
# DUT OUTPUTS :
# RES=65436
# OFLOW=0
# COUT=0
# G=0
# L=0
# E=0
# ERR=0
# --------------------------------
# STATUS : FAIL
# ================================================
# 
# ================================================
# TIME = 1385
# INPUTS :
# MODE=1 CE=1 CMD=14 CIN=0 VALID=10
# OPA=201 OPB=123
# --------------------------------
# REFERENCE MODEL OUTPUTS :
# RES_EXP=254
# OFLOW_EXP=0
# COUT_EXP=0
# G_EXP=0
# L_EXP=0
# E_EXP=0
# ERR_EXP=0
# --------------------------------
# DUT OUTPUTS :
# RES=65280
# OFLOW=0
# COUT=0
# G=0
# L=0
# E=0
# ERR=0
# --------------------------------
# STATUS : FAIL
# ================================================
# 
# ================================================
# TIME = 1395
# INPUTS :
# MODE=0 CE=0 CMD=1 CIN=0 VALID=10
# OPA=202 OPB=69
# --------------------------------
# REFERENCE MODEL OUTPUTS :
# RES_EXP=178
# OFLOW_EXP=0
# COUT_EXP=1
# G_EXP=1
# L_EXP=0
# E_EXP=0
# ERR_EXP=0
# --------------------------------
# DUT OUTPUTS :
# RES=65458
# OFLOW=0
# COUT=1
# G=1
# L=0
# E=0
# ERR=0
# --------------------------------
# STATUS : FAIL
# ================================================
# 
# ================================================
# TIME = 1405
# INPUTS :
# MODE=1 CE=1 CMD=3 CIN=0 VALID=11
# OPA=202 OPB=129
# --------------------------------
# REFERENCE MODEL OUTPUTS :
# RES_EXP=178
# OFLOW_EXP=0
# COUT_EXP=1
# G_EXP=1
# L_EXP=0
# E_EXP=0
# ERR_EXP=0
# --------------------------------
# DUT OUTPUTS :
# RES=0
# OFLOW=0
# COUT=0
# G=0
# L=0
# E=0
# ERR=0
# --------------------------------
# STATUS : FAIL
# ================================================
# 
# ================================================
# TIME = 1415
# INPUTS :
# MODE=1 CE=1 CMD=6 CIN=0 VALID=01
# OPA=254 OPB=175
# --------------------------------
# REFERENCE MODEL OUTPUTS :
# RES_EXP=0
# OFLOW_EXP=0
# COUT_EXP=0
# G_EXP=0
# L_EXP=0
# E_EXP=0
# ERR_EXP=1
# --------------------------------
# DUT OUTPUTS :
# RES=0
# OFLOW=0
# COUT=0
# G=0
# L=0
# E=0
# ERR=0
# --------------------------------
# STATUS : FAIL
# ================================================
# 
# ================================================
# TIME = 1425
# INPUTS :
# MODE=1 CE=1 CMD=0 CIN=0 VALID=11
# OPA=223 OPB=234
# --------------------------------
# REFERENCE MODEL OUTPUTS :
# RES_EXP=73
# OFLOW_EXP=0
# COUT_EXP=0
# G_EXP=0
# L_EXP=0
# E_EXP=0
# ERR_EXP=0
# --------------------------------
# DUT OUTPUTS :
# RES=73
# OFLOW=0
# COUT=0
# G=0
# L=0
# E=0
# ERR=0
# --------------------------------
# STATUS : PASS
# ================================================
# 
# ================================================
# TIME = 1435
# INPUTS :
# MODE=0 CE=1 CMD=10 CIN=0 VALID=10
# OPA=123 OPB=224
# --------------------------------
# REFERENCE MODEL OUTPUTS :
# RES_EXP=0
# OFLOW_EXP=0
# COUT_EXP=0
# G_EXP=0
# L_EXP=0
# E_EXP=0
# ERR_EXP=1
# --------------------------------
# DUT OUTPUTS :
# RES=0
# OFLOW=0
# COUT=0
# G=0
# L=0
# E=0
# ERR=1
# --------------------------------
# STATUS : PASS
# ================================================
# 
# ================================================
# TIME = 1445
# INPUTS :
# MODE=1 CE=1 CMD=13 CIN=0 VALID=01
# OPA=171 OPB=245
# --------------------------------
# REFERENCE MODEL OUTPUTS :
# RES_EXP=202
# OFLOW_EXP=0
# COUT_EXP=0
# G_EXP=0
# L_EXP=0
# E_EXP=0
# ERR_EXP=0
# --------------------------------
# DUT OUTPUTS :
# RES=457
# OFLOW=0
# COUT=1
# G=0
# L=0
# E=0
# ERR=0
# --------------------------------
# STATUS : FAIL
# ================================================
# 
# ================================================
# TIME = 1455
# INPUTS :
# MODE=0 CE=1 CMD=15 CIN=0 VALID=11
# OPA=181 OPB=161
# --------------------------------
# REFERENCE MODEL OUTPUTS :
# RES_EXP=0
# OFLOW_EXP=0
# COUT_EXP=0
# G_EXP=0
# L_EXP=0
# E_EXP=0
# ERR_EXP=1
# --------------------------------
# DUT OUTPUTS :
# RES=112
# OFLOW=0
# COUT=0
# G=0
# L=0
# E=0
# ERR=0
# --------------------------------
# STATUS : FAIL
# ================================================
# 
# ================================================
# TIME = 1465
# INPUTS :
# MODE=1 CE=1 CMD=5 CIN=0 VALID=11
# OPA=82 OPB=123
# --------------------------------
# REFERENCE MODEL OUTPUTS :
# RES_EXP=0
# OFLOW_EXP=0
# COUT_EXP=0
# G_EXP=0
# L_EXP=0
# E_EXP=0
# ERR_EXP=1
# --------------------------------
# DUT OUTPUTS :
# RES=0
# OFLOW=0
# COUT=0
# G=0
# L=0
# E=0
# ERR=0
# --------------------------------
# STATUS : FAIL
# ================================================
# 
# ================================================
# TIME = 1475
# INPUTS :
# MODE=1 CE=0 CMD=15 CIN=0 VALID=01
# OPA=32 OPB=5
# --------------------------------
# REFERENCE MODEL OUTPUTS :
# RES_EXP=0
# OFLOW_EXP=0
# COUT_EXP=0
# G_EXP=0
# L_EXP=0
# E_EXP=0
# ERR_EXP=1
# --------------------------------
# DUT OUTPUTS :
# RES=0
# OFLOW=0
# COUT=0
# G=0
# L=0
# E=0
# ERR=1
# --------------------------------
# STATUS : PASS
# ================================================
# 
# ================================================
# TIME = 1485
# INPUTS :
# MODE=1 CE=1 CMD=7 CIN=0 VALID=00
# OPA=240 OPB=4
# --------------------------------
# REFERENCE MODEL OUTPUTS :
# RES_EXP=0
# OFLOW_EXP=0
# COUT_EXP=0
# G_EXP=0
# L_EXP=0
# E_EXP=0
# ERR_EXP=1
# --------------------------------
# DUT OUTPUTS :
# RES=0
# OFLOW=0
# COUT=0
# G=0
# L=0
# E=0
# ERR=1
# --------------------------------
# STATUS : PASS
# ================================================
# 
# ================================================
# TIME = 1495
# INPUTS :
# MODE=0 CE=1 CMD=13 CIN=0 VALID=00
# OPA=254 OPB=103
# --------------------------------
# REFERENCE MODEL OUTPUTS :
# RES_EXP=81
# OFLOW_EXP=0
# COUT_EXP=0
# G_EXP=0
# L_EXP=0
# E_EXP=0
# ERR_EXP=0
# --------------------------------
# DUT OUTPUTS :
# RES=0
# OFLOW=0
# COUT=0
# G=0
# L=0
# E=0
# ERR=1
# --------------------------------
# STATUS : FAIL
# ================================================
# 
# ================================================
# TIME = 1505
# INPUTS :
# MODE=0 CE=1 CMD=5 CIN=0 VALID=11
# OPA=189 OPB=209
# --------------------------------
# REFERENCE MODEL OUTPUTS :
# RES_EXP=0
# OFLOW_EXP=0
# COUT_EXP=0
# G_EXP=0
# L_EXP=0
# E_EXP=0
# ERR_EXP=1
# --------------------------------
# DUT OUTPUTS :
# RES=0
# OFLOW=0
# COUT=0
# G=0
# L=0
# E=0
# ERR=1
# --------------------------------
# STATUS : PASS
# ================================================
# 
# ================================================
# TIME = 1515
# INPUTS :
# MODE=1 CE=0 CMD=14 CIN=0 VALID=11
# OPA=63 OPB=176
# --------------------------------
# REFERENCE MODEL OUTPUTS :
# RES_EXP=0
# OFLOW_EXP=0
# COUT_EXP=0
# G_EXP=0
# L_EXP=0
# E_EXP=0
# ERR_EXP=1
# --------------------------------
# DUT OUTPUTS :
# RES=0
# OFLOW=0
# COUT=0
# G=0
# L=0
# E=0
# ERR=1
# --------------------------------
# STATUS : PASS
# ================================================
# 
# ================================================
# TIME = 1525
# INPUTS :
# MODE=1 CE=1 CMD=8 CIN=0 VALID=01
# OPA=185 OPB=239
# --------------------------------
# REFERENCE MODEL OUTPUTS :
# RES_EXP=0
# OFLOW_EXP=0
# COUT_EXP=0
# G_EXP=0
# L_EXP=0
# E_EXP=0
# ERR_EXP=1
# --------------------------------
# DUT OUTPUTS :
# RES=65427
# OFLOW=0
# COUT=0
# G=0
# L=0
# E=0
# ERR=0
# --------------------------------
# STATUS : FAIL
# ================================================
# 
# ================================================
# TIME = 1535
# INPUTS :
# MODE=0 CE=1 CMD=0 CIN=0 VALID=11
# OPA=214 OPB=79
# --------------------------------
# REFERENCE MODEL OUTPUTS :
# RES_EXP=188
# OFLOW_EXP=0
# COUT_EXP=0
# G_EXP=0
# L_EXP=0
# E_EXP=0
# ERR_EXP=0
# --------------------------------
# DUT OUTPUTS :
# RES=65427
# OFLOW=0
# COUT=0
# G=0
# L=0
# E=0
# ERR=0
# --------------------------------
# STATUS : FAIL
# ================================================
# 
# ================================================
# TIME = 1545
# INPUTS :
# MODE=1 CE=1 CMD=10 CIN=0 VALID=01
# OPA=45 OPB=13
# --------------------------------
# REFERENCE MODEL OUTPUTS :
# RES_EXP=92
# OFLOW_EXP=0
# COUT_EXP=0
# G_EXP=0
# L_EXP=0
# E_EXP=0
# ERR_EXP=0
# --------------------------------
# DUT OUTPUTS :
# RES=0
# OFLOW=0
# COUT=0
# G=0
# L=0
# E=0
# ERR=1
# --------------------------------
# STATUS : FAIL
# ================================================
# 
# ================================================
# TIME = 1555
# INPUTS :
# MODE=1 CE=1 CMD=5 CIN=0 VALID=01
# OPA=108 OPB=89
# --------------------------------
# REFERENCE MODEL OUTPUTS :
# RES_EXP=37
# OFLOW_EXP=0
# COUT_EXP=1
# G_EXP=0
# L_EXP=0
# E_EXP=0
# ERR_EXP=0
# --------------------------------
# DUT OUTPUTS :
# RES=70
# OFLOW=0
# COUT=0
# G=0
# L=0
# E=0
# ERR=0
# --------------------------------
# STATUS : FAIL
# ================================================
# 
# ================================================
# TIME = 1565
# INPUTS :
# MODE=0 CE=1 CMD=8 CIN=0 VALID=01
# OPA=212 OPB=112
# --------------------------------
# REFERENCE MODEL OUTPUTS :
# RES_EXP=0
# OFLOW_EXP=0
# COUT_EXP=0
# G_EXP=0
# L_EXP=0
# E_EXP=0
# ERR_EXP=1
# --------------------------------
# DUT OUTPUTS :
# RES=0
# OFLOW=0
# COUT=0
# G=0
# L=0
# E=0
# ERR=1
# --------------------------------
# STATUS : PASS
# ================================================
# 
# ================================================
# TIME = 1575
# INPUTS :
# MODE=0 CE=0 CMD=9 CIN=0 VALID=00
# OPA=113 OPB=54
# --------------------------------
# REFERENCE MODEL OUTPUTS :
# RES_EXP=0
# OFLOW_EXP=0
# COUT_EXP=0
# G_EXP=0
# L_EXP=0
# E_EXP=0
# ERR_EXP=1
# --------------------------------
# DUT OUTPUTS :
# RES=107
# OFLOW=0
# COUT=0
# G=0
# L=0
# E=0
# ERR=0
# --------------------------------
# STATUS : FAIL
# ================================================
# 
# ================================================
# TIME = 1585
# INPUTS :
# MODE=0 CE=1 CMD=13 CIN=0 VALID=01
# OPA=37 OPB=168
# --------------------------------
# REFERENCE MODEL OUTPUTS :
# RES_EXP=0
# OFLOW_EXP=0
# COUT_EXP=0
# G_EXP=0
# L_EXP=0
# E_EXP=0
# ERR_EXP=1
# --------------------------------
# DUT OUTPUTS :
# RES=106
# OFLOW=0
# COUT=0
# G=0
# L=0
# E=0
# ERR=0
# --------------------------------
# STATUS : FAIL
# ================================================
# 
# ================================================
# TIME = 1595
# INPUTS :
# MODE=1 CE=1 CMD=12 CIN=0 VALID=01
# OPA=175 OPB=226
# --------------------------------
# REFERENCE MODEL OUTPUTS :
# RES_EXP=106
# OFLOW_EXP=0
# COUT_EXP=0
# G_EXP=0
# L_EXP=0
# E_EXP=0
# ERR_EXP=0
# --------------------------------
# DUT OUTPUTS :
# RES=106
# OFLOW=0
# COUT=0
# G=0
# L=0
# E=0
# ERR=0
# --------------------------------
# STATUS : PASS
# ================================================
# 
# ================================================
# TIME = 1605
# INPUTS :
# MODE=0 CE=1 CMD=1 CIN=0 VALID=11
# OPA=149 OPB=40
# --------------------------------
# REFERENCE MODEL OUTPUTS :
# RES_EXP=0
# OFLOW_EXP=0
# COUT_EXP=0
# G_EXP=0
# L_EXP=0
# E_EXP=0
# ERR_EXP=1
# --------------------------------
# DUT OUTPUTS :
# RES=0
# OFLOW=0
# COUT=0
# G=0
# L=0
# E=0
# ERR=1
# --------------------------------
# STATUS : PASS
# ================================================
# 
# ================================================
# TIME = 1615
# INPUTS :
# MODE=0 CE=0 CMD=3 CIN=0 VALID=00
# OPA=161 OPB=87
# --------------------------------
# REFERENCE MODEL OUTPUTS :
# RES_EXP=0
# OFLOW_EXP=0
# COUT_EXP=0
# G_EXP=0
# L_EXP=0
# E_EXP=0
# ERR_EXP=1
# --------------------------------
# DUT OUTPUTS :
# RES=0
# OFLOW=0
# COUT=0
# G=0
# L=0
# E=0
# ERR=1
# --------------------------------
# STATUS : PASS
# ================================================
# 
# ================================================
# TIME = 1625
# INPUTS :
# MODE=0 CE=1 CMD=5 CIN=0 VALID=11
# OPA=3 OPB=90
# --------------------------------
# REFERENCE MODEL OUTPUTS :
# RES_EXP=0
# OFLOW_EXP=0
# COUT_EXP=0
# G_EXP=0
# L_EXP=0
# E_EXP=0
# ERR_EXP=1
# --------------------------------
# DUT OUTPUTS :
# RES=65535
# OFLOW=0
# COUT=0
# G=0
# L=0
# E=0
# ERR=0
# --------------------------------
# STATUS : FAIL
# ================================================
# 
# ================================================
# TIME = 1635
# INPUTS :
# MODE=0 CE=1 CMD=4 CIN=0 VALID=00
# OPA=171 OPB=146
# --------------------------------
# REFERENCE MODEL OUTPUTS :
# RES_EXP=65535
# OFLOW_EXP=0
# COUT_EXP=0
# G_EXP=0
# L_EXP=0
# E_EXP=0
# ERR_EXP=0
# --------------------------------
# DUT OUTPUTS :
# RES=65535
# OFLOW=0
# COUT=0
# G=0
# L=0
# E=0
# ERR=0
# --------------------------------
# STATUS : PASS
# ================================================
# 
# ================================================
# TIME = 1645
# INPUTS :
# MODE=0 CE=0 CMD=3 CIN=0 VALID=01
# OPA=189 OPB=206
# --------------------------------
# REFERENCE MODEL OUTPUTS :
# RES_EXP=65446
# OFLOW_EXP=0
# COUT_EXP=0
# G_EXP=0
# L_EXP=0
# E_EXP=0
# ERR_EXP=0
# --------------------------------
# DUT OUTPUTS :
# RES=65446
# OFLOW=0
# COUT=0
# G=0
# L=0
# E=0
# ERR=0
# --------------------------------
# STATUS : PASS
# ================================================
# 
# ================================================
# TIME = 1655
# INPUTS :
# MODE=0 CE=1 CMD=5 CIN=0 VALID=11
# OPA=199 OPB=25
# --------------------------------
# REFERENCE MODEL OUTPUTS :
# RES_EXP=65446
# OFLOW_EXP=0
# COUT_EXP=0
# G_EXP=0
# L_EXP=0
# E_EXP=0
# ERR_EXP=0
# --------------------------------
# DUT OUTPUTS :
# RES=0
# OFLOW=0
# COUT=0
# G=0
# L=0
# E=0
# ERR=1
# --------------------------------
# STATUS : FAIL
# ================================================
# 
# ================================================
# TIME = 1665
# INPUTS :
# MODE=1 CE=1 CMD=14 CIN=0 VALID=01
# OPA=194 OPB=247
# --------------------------------
# REFERENCE MODEL OUTPUTS :
# RES_EXP=0
# OFLOW_EXP=0
# COUT_EXP=0
# G_EXP=0
# L_EXP=0
# E_EXP=0
# ERR_EXP=1
# --------------------------------
# DUT OUTPUTS :
# RES=0
# OFLOW=0
# COUT=0
# G=0
# L=0
# E=0
# ERR=1
# --------------------------------
# STATUS : PASS
# ================================================
# 
# ================================================
# TIME = 1675
# INPUTS :
# MODE=1 CE=1 CMD=11 CIN=0 VALID=00
# OPA=243 OPB=88
# --------------------------------
# REFERENCE MODEL OUTPUTS :
# RES_EXP=198
# OFLOW_EXP=0
# COUT_EXP=0
# G_EXP=0
# L_EXP=0
# E_EXP=0
# ERR_EXP=0
# --------------------------------
# DUT OUTPUTS :
# RES=65313
# OFLOW=0
# COUT=0
# G=0
# L=0
# E=0
# ERR=0
# --------------------------------
# STATUS : FAIL
# ================================================
# 
# ================================================
# TIME = 1685
# INPUTS :
# MODE=1 CE=1 CMD=11 CIN=0 VALID=11
# OPA=128 OPB=128
# --------------------------------
# REFERENCE MODEL OUTPUTS :
# RES_EXP=0
# OFLOW_EXP=0
# COUT_EXP=0
# G_EXP=0
# L_EXP=0
# E_EXP=0
# ERR_EXP=1
# --------------------------------
# DUT OUTPUTS :
# RES=0
# OFLOW=0
# COUT=0
# G=0
# L=0
# E=0
# ERR=0
# --------------------------------
# STATUS : FAIL
# ================================================
# 
# ================================================
# TIME = 1695
# INPUTS :
# MODE=1 CE=1 CMD=11 CIN=0 VALID=11
# OPA=127 OPB=127
# --------------------------------
# REFERENCE MODEL OUTPUTS :
# RES_EXP=0
# OFLOW_EXP=0
# COUT_EXP=0
# G_EXP=0
# L_EXP=0
# E_EXP=0
# ERR_EXP=1
# --------------------------------
# DUT OUTPUTS :
# RES=0
# OFLOW=0
# COUT=0
# G=0
# L=0
# E=0
# ERR=1
# --------------------------------
# STATUS : PASS
# ================================================
# 
# ================================================
# TIME = 1705
# INPUTS :
# MODE=1 CE=1 CMD=11 CIN=0 VALID=11
# OPA=128 OPB=1
# --------------------------------
# REFERENCE MODEL OUTPUTS :
# RES_EXP=0
# OFLOW_EXP=1
# COUT_EXP=1
# G_EXP=0
# L_EXP=0
# E_EXP=1
# ERR_EXP=0
# --------------------------------
# DUT OUTPUTS :
# RES=65280
# OFLOW=1
# COUT=1
# G=0
# L=0
# E=1
# ERR=0
# --------------------------------
# STATUS : FAIL
# ================================================
# 
# ================================================
# TIME = 1715
# INPUTS :
# MODE=1 CE=1 CMD=11 CIN=0 VALID=11
# OPA=127 OPB=255
# --------------------------------
# REFERENCE MODEL OUTPUTS :
# RES_EXP=254
# OFLOW_EXP=1
# COUT_EXP=0
# G_EXP=0
# L_EXP=0
# E_EXP=1
# ERR_EXP=0
# --------------------------------
# DUT OUTPUTS :
# RES=254
# OFLOW=1
# COUT=0
# G=0
# L=0
# E=1
# ERR=0
# --------------------------------
# STATUS : PASS
# ================================================
# 
# ================================================
# TIME = 1725
# INPUTS :
# MODE=1 CE=1 CMD=11 CIN=0 VALID=11
# OPA=0 OPB=128
# --------------------------------
# REFERENCE MODEL OUTPUTS :
# RES_EXP=129
# OFLOW_EXP=0
# COUT_EXP=1
# G_EXP=0
# L_EXP=1
# E_EXP=0
# ERR_EXP=0
# --------------------------------
# DUT OUTPUTS :
# RES=65409
# OFLOW=0
# COUT=1
# G=0
# L=1
# E=0
# ERR=0
# --------------------------------
# STATUS : FAIL
# ================================================
# 
# ================================================
# TIME = 1735
# INPUTS :
# MODE=1 CE=1 CMD=11 CIN=0 VALID=11
# OPA=64 OPB=64
# --------------------------------
# REFERENCE MODEL OUTPUTS :
# RES_EXP=126
# OFLOW_EXP=0
# COUT_EXP=0
# G_EXP=1
# L_EXP=0
# E_EXP=0
# ERR_EXP=0
# --------------------------------
# DUT OUTPUTS :
# RES=126
# OFLOW=0
# COUT=0
# G=1
# L=0
# E=0
# ERR=0
# --------------------------------
# STATUS : PASS
# ================================================
# 
# ================================================
# TIME = 1745
# INPUTS :
# MODE=0 CE=1 CMD=13 CIN=0 VALID=11
# OPA=128 OPB=1
# --------------------------------
# REFERENCE MODEL OUTPUTS :
# RES_EXP=128
# OFLOW_EXP=0
# COUT_EXP=1
# G_EXP=1
# L_EXP=0
# E_EXP=0
# ERR_EXP=0
# --------------------------------
# DUT OUTPUTS :
# RES=65408
# OFLOW=0
# COUT=1
# G=1
# L=0
# E=0
# ERR=0
# --------------------------------
# STATUS : FAIL
# ================================================
# 
# ================================================
# TIME = 1755
# INPUTS :
# MODE=1 CE=1 CMD=11 CIN=0 VALID=11
# OPA=127 OPB=1
# --------------------------------
# REFERENCE MODEL OUTPUTS :
# RES_EXP=128
# OFLOW_EXP=0
# COUT_EXP=0
# G_EXP=0
# L_EXP=0
# E_EXP=0
# ERR_EXP=0
# --------------------------------
# DUT OUTPUTS :
# RES=128
# OFLOW=1
# COUT=0
# G=0
# L=0
# E=1
# ERR=0
# --------------------------------
# STATUS : FAIL
# ================================================
# 
# ================================================
# TIME = 1765
# INPUTS :
# MODE=1 CE=1 CMD=11 CIN=0 VALID=11
# OPA=128 OPB=255
# --------------------------------
# REFERENCE MODEL OUTPUTS :
# RES_EXP=0
# OFLOW_EXP=0
# COUT_EXP=0
# G_EXP=0
# L_EXP=0
# E_EXP=0
# ERR_EXP=1
# --------------------------------
# DUT OUTPUTS :
# RES=64
# OFLOW=0
# COUT=0
# G=0
# L=0
# E=0
# ERR=0
# --------------------------------
# STATUS : FAIL
# ================================================
# 
# ================================================
# TIME = 1775
# INPUTS :
# MODE=1 CE=1 CMD=8 CIN=0 VALID=11
# OPA=10 OPB=50
# --------------------------------
# REFERENCE MODEL OUTPUTS :
# RES_EXP=128
# OFLOW_EXP=1
# COUT_EXP=0
# G_EXP=1
# L_EXP=0
# E_EXP=0
# ERR_EXP=0
# --------------------------------
# DUT OUTPUTS :
# RES=128
# OFLOW=1
# COUT=0
# G=1
# L=0
# E=0
# ERR=0
# --------------------------------
# STATUS : PASS
# ================================================
# 
# ================================================
# TIME = 1785
# INPUTS :
# MODE=1 CE=1 CMD=8 CIN=0 VALID=11
# OPA=50 OPB=10
# --------------------------------
# REFERENCE MODEL OUTPUTS :
# RES_EXP=127
# OFLOW_EXP=1
# COUT_EXP=1
# G_EXP=0
# L_EXP=1
# E_EXP=0
# ERR_EXP=0
# --------------------------------
# DUT OUTPUTS :
# RES=65407
# OFLOW=1
# COUT=1
# G=0
# L=1
# E=0
# ERR=0
# --------------------------------
# STATUS : FAIL
# ================================================
# 
# ================================================
# TIME = 1795
# INPUTS :
# MODE=1 CE=1 CMD=8 CIN=0 VALID=11
# OPA=25 OPB=25
# --------------------------------
# REFERENCE MODEL OUTPUTS :
# RES_EXP=0
# OFLOW_EXP=0
# COUT_EXP=0
# G_EXP=0
# L_EXP=1
# E_EXP=0
# ERR_EXP=0
# --------------------------------
# DUT OUTPUTS :
# RES=0
# OFLOW=0
# COUT=0
# G=0
# L=1
# E=0
# ERR=0
# --------------------------------
# STATUS : PASS
# ================================================
# 
# ================================================
# TIME = 1805
# INPUTS :
# MODE=1 CE=1 CMD=15 CIN=0 VALID=11
# OPA=18 OPB=52
# --------------------------------
# REFERENCE MODEL OUTPUTS :
# RES_EXP=0
# OFLOW_EXP=0
# COUT_EXP=0
# G_EXP=1
# L_EXP=0
# E_EXP=0
# ERR_EXP=0
# --------------------------------
# DUT OUTPUTS :
# RES=0
# OFLOW=0
# COUT=0
# G=1
# L=0
# E=0
# ERR=0
# --------------------------------
# STATUS : PASS
# ================================================
# 
# ================================================
# TIME = 1815
# INPUTS :
# MODE=1 CE=1 CMD=15 CIN=0 VALID=11
# OPA=18 OPB=52
# --------------------------------
# REFERENCE MODEL OUTPUTS :
# RES_EXP=0
# OFLOW_EXP=0
# COUT_EXP=0
# G_EXP=0
# L_EXP=0
# E_EXP=1
# ERR_EXP=0
# --------------------------------
# DUT OUTPUTS :
# RES=0
# OFLOW=0
# COUT=0
# G=0
# L=0
# E=1
# ERR=0
# --------------------------------
# STATUS : PASS
# ================================================
# 
# ================================================
# TIME = 1825
# INPUTS :
# MODE=1 CE=1 CMD=15 CIN=0 VALID=11
# OPA=18 OPB=52
# --------------------------------
# REFERENCE MODEL OUTPUTS :
# RES_EXP=0
# OFLOW_EXP=0
# COUT_EXP=0
# G_EXP=0
# L_EXP=0
# E_EXP=0
# ERR_EXP=1
# --------------------------------
# DUT OUTPUTS :
# RES=0
# OFLOW=0
# COUT=0
# G=0
# L=0
# E=0
# ERR=0
# --------------------------------
# STATUS : FAIL
# ================================================
# 
# ================================================
# TIME = 1835
# INPUTS :
# MODE=1 CE=1 CMD=15 CIN=0 VALID=11
# OPA=18 OPB=52
# --------------------------------
# REFERENCE MODEL OUTPUTS :
# RES_EXP=0
# OFLOW_EXP=0
# COUT_EXP=0
# G_EXP=0
# L_EXP=0
# E_EXP=0
# ERR_EXP=1
# --------------------------------
# DUT OUTPUTS :
# RES=0
# OFLOW=0
# COUT=0
# G=0
# L=0
# E=0
# ERR=0
# --------------------------------
# STATUS : FAIL
# ================================================
# 
# ================================================
# TIME = 1845
# INPUTS :
# MODE=1 CE=1 CMD=15 CIN=0 VALID=11
# OPA=18 OPB=52
# --------------------------------
# REFERENCE MODEL OUTPUTS :
# RES_EXP=0
# OFLOW_EXP=0
# COUT_EXP=0
# G_EXP=0
# L_EXP=0
# E_EXP=0
# ERR_EXP=1
# --------------------------------
# DUT OUTPUTS :
# RES=0
# OFLOW=0
# COUT=0
# G=0
# L=0
# E=0
# ERR=0
# --------------------------------
# STATUS : FAIL
# ================================================
# 
# ================================================
# TIME = 1855
# INPUTS :
# MODE=1 CE=1 CMD=15 CIN=0 VALID=11
# OPA=18 OPB=52
# --------------------------------
# REFERENCE MODEL OUTPUTS :
# RES_EXP=0
# OFLOW_EXP=0
# COUT_EXP=0
# G_EXP=0
# L_EXP=0
# E_EXP=0
# ERR_EXP=1
# --------------------------------
# DUT OUTPUTS :
# RES=0
# OFLOW=0
# COUT=0
# G=0
# L=0
# E=0
# ERR=0
# --------------------------------
# STATUS : FAIL
# ================================================
# 
# ================================================
# TIME = 1865
# INPUTS :
# MODE=1 CE=1 CMD=15 CIN=0 VALID=11
# OPA=18 OPB=52
# --------------------------------
# REFERENCE MODEL OUTPUTS :
# RES_EXP=0
# OFLOW_EXP=0
# COUT_EXP=0
# G_EXP=0
# L_EXP=0
# E_EXP=0
# ERR_EXP=1
# --------------------------------
# DUT OUTPUTS :
# RES=0
# OFLOW=0
# COUT=0
# G=0
# L=0
# E=0
# ERR=0
# --------------------------------
# STATUS : FAIL
# ================================================
# 
# ================================================
# TIME = 1875
# INPUTS :
# MODE=1 CE=1 CMD=15 CIN=0 VALID=11
# OPA=18 OPB=52
# --------------------------------
# REFERENCE MODEL OUTPUTS :
# RES_EXP=0
# OFLOW_EXP=0
# COUT_EXP=0
# G_EXP=0
# L_EXP=0
# E_EXP=0
# ERR_EXP=1
# --------------------------------
# DUT OUTPUTS :
# RES=0
# OFLOW=0
# COUT=0
# G=0
# L=0
# E=0
# ERR=0
# --------------------------------
# STATUS : FAIL
# ================================================
# 
# ================================================
# TIME = 1885
# INPUTS :
# MODE=1 CE=1 CMD=15 CIN=0 VALID=11
# OPA=18 OPB=52
# --------------------------------
# REFERENCE MODEL OUTPUTS :
# RES_EXP=0
# OFLOW_EXP=0
# COUT_EXP=0
# G_EXP=0
# L_EXP=0
# E_EXP=0
# ERR_EXP=1
# --------------------------------
# DUT OUTPUTS :
# RES=0
# OFLOW=0
# COUT=0
# G=0
# L=0
# E=0
# ERR=0
# --------------------------------
# STATUS : FAIL
# ================================================
# 
# ================================================
# TIME = 1895
# INPUTS :
# MODE=1 CE=1 CMD=15 CIN=0 VALID=11
# OPA=18 OPB=52
# --------------------------------
# REFERENCE MODEL OUTPUTS :
# RES_EXP=0
# OFLOW_EXP=0
# COUT_EXP=0
# G_EXP=0
# L_EXP=0
# E_EXP=0
# ERR_EXP=1
# --------------------------------
# DUT OUTPUTS :
# RES=0
# OFLOW=0
# COUT=0
# G=0
# L=0
# E=0
# ERR=0
# --------------------------------
# STATUS : FAIL
# ================================================
# 
# ================================================
# TIME = 1905
# INPUTS :
# MODE=1 CE=1 CMD=15 CIN=0 VALID=11
# OPA=18 OPB=52
# --------------------------------
# REFERENCE MODEL OUTPUTS :
# RES_EXP=0
# OFLOW_EXP=0
# COUT_EXP=0
# G_EXP=0
# L_EXP=0
# E_EXP=0
# ERR_EXP=1
# --------------------------------
# DUT OUTPUTS :
# RES=0
# OFLOW=0
# COUT=0
# G=0
# L=0
# E=0
# ERR=0
# --------------------------------
# STATUS : FAIL
# ================================================
# 
# ================================================
# TIME = 1915
# INPUTS :
# MODE=1 CE=1 CMD=15 CIN=0 VALID=11
# OPA=18 OPB=52
# --------------------------------
# REFERENCE MODEL OUTPUTS :
# RES_EXP=0
# OFLOW_EXP=0
# COUT_EXP=0
# G_EXP=0
# L_EXP=0
# E_EXP=0
# ERR_EXP=1
# --------------------------------
# DUT OUTPUTS :
# RES=0
# OFLOW=0
# COUT=0
# G=0
# L=0
# E=0
# ERR=0
# --------------------------------
# STATUS : FAIL
# ================================================
# 
# ================================================
# TIME = 1925
# INPUTS :
# MODE=1 CE=1 CMD=15 CIN=0 VALID=11
# OPA=18 OPB=52
# --------------------------------
# REFERENCE MODEL OUTPUTS :
# RES_EXP=0
# OFLOW_EXP=0
# COUT_EXP=0
# G_EXP=0
# L_EXP=0
# E_EXP=0
# ERR_EXP=1
# --------------------------------
# DUT OUTPUTS :
# RES=0
# OFLOW=0
# COUT=0
# G=0
# L=0
# E=0
# ERR=0
# --------------------------------
# STATUS : FAIL
# ================================================
# 
# ================================================
# TIME = 1935
# INPUTS :
# MODE=1 CE=1 CMD=15 CIN=0 VALID=11
# OPA=18 OPB=52
# --------------------------------
# REFERENCE MODEL OUTPUTS :
# RES_EXP=0
# OFLOW_EXP=0
# COUT_EXP=0
# G_EXP=0
# L_EXP=0
# E_EXP=0
# ERR_EXP=1
# --------------------------------
# DUT OUTPUTS :
# RES=0
# OFLOW=0
# COUT=0
# G=0
# L=0
# E=0
# ERR=0
# --------------------------------
# STATUS : FAIL
# ================================================
# 
# ================================================
# TIME = 1945
# INPUTS :
# MODE=1 CE=1 CMD=15 CIN=0 VALID=11
# OPA=18 OPB=52
# --------------------------------
# REFERENCE MODEL OUTPUTS :
# RES_EXP=0
# OFLOW_EXP=0
# COUT_EXP=0
# G_EXP=0
# L_EXP=0
# E_EXP=0
# ERR_EXP=1
# --------------------------------
# DUT OUTPUTS :
# RES=0
# OFLOW=0
# COUT=0
# G=0
# L=0
# E=0
# ERR=0
# --------------------------------
# STATUS : FAIL
# ================================================
# 
# ================================================
# TIME = 1955
# INPUTS :
# MODE=1 CE=1 CMD=15 CIN=0 VALID=11
# OPA=18 OPB=52
# --------------------------------
# REFERENCE MODEL OUTPUTS :
# RES_EXP=0
# OFLOW_EXP=0
# COUT_EXP=0
# G_EXP=0
# L_EXP=0
# E_EXP=0
# ERR_EXP=1
# --------------------------------
# DUT OUTPUTS :
# RES=0
# OFLOW=0
# COUT=0
# G=0
# L=0
# E=0
# ERR=0
# --------------------------------
# STATUS : FAIL
# ================================================
# 
# ================================================
# TIME = 1965
# INPUTS :
# MODE=1 CE=1 CMD=15 CIN=0 VALID=11
# OPA=18 OPB=52
# --------------------------------
# REFERENCE MODEL OUTPUTS :
# RES_EXP=0
# OFLOW_EXP=0
# COUT_EXP=0
# G_EXP=0
# L_EXP=0
# E_EXP=0
# ERR_EXP=1
# --------------------------------
# DUT OUTPUTS :
# RES=0
# OFLOW=0
# COUT=0
# G=0
# L=0
# E=0
# ERR=0
# --------------------------------
# STATUS : FAIL
# ================================================
# 
# ================================================
# TIME = 1975
# INPUTS :
# MODE=1 CE=1 CMD=15 CIN=0 VALID=11
# OPA=18 OPB=52
# --------------------------------
# REFERENCE MODEL OUTPUTS :
# RES_EXP=0
# OFLOW_EXP=0
# COUT_EXP=0
# G_EXP=0
# L_EXP=0
# E_EXP=0
# ERR_EXP=1
# --------------------------------
# DUT OUTPUTS :
# RES=0
# OFLOW=0
# COUT=0
# G=0
# L=0
# E=0
# ERR=0
# --------------------------------
# STATUS : FAIL
# ================================================
# 
# ================================================
# TIME = 1985
# INPUTS :
# MODE=1 CE=1 CMD=15 CIN=0 VALID=11
# OPA=18 OPB=52
# --------------------------------
# REFERENCE MODEL OUTPUTS :
# RES_EXP=0
# OFLOW_EXP=0
# COUT_EXP=0
# G_EXP=0
# L_EXP=0
# E_EXP=0
# ERR_EXP=1
# --------------------------------
# DUT OUTPUTS :
# RES=0
# OFLOW=0
# COUT=0
# G=0
# L=0
# E=0
# ERR=0
# --------------------------------
# STATUS : FAIL
# ================================================
# 
# ================================================
# TIME = 1995
# INPUTS :
# MODE=1 CE=1 CMD=15 CIN=0 VALID=11
# OPA=18 OPB=52
# --------------------------------
# REFERENCE MODEL OUTPUTS :
# RES_EXP=0
# OFLOW_EXP=0
# COUT_EXP=0
# G_EXP=0
# L_EXP=0
# E_EXP=0
# ERR_EXP=1
# --------------------------------
# DUT OUTPUTS :
# RES=0
# OFLOW=0
# COUT=0
# G=0
# L=0
# E=0
# ERR=0
# --------------------------------
# STATUS : FAIL
# ================================================
# 
# ================================================
# TIME = 2005
# INPUTS :
# MODE=0 CE=1 CMD=15 CIN=0 VALID=11
# OPA=18 OPB=52
# --------------------------------
# REFERENCE MODEL OUTPUTS :
# RES_EXP=0
# OFLOW_EXP=0
# COUT_EXP=0
# G_EXP=0
# L_EXP=0
# E_EXP=0
# ERR_EXP=1
# --------------------------------
# DUT OUTPUTS :
# RES=0
# OFLOW=0
# COUT=0
# G=0
# L=0
# E=0
# ERR=0
# --------------------------------
# STATUS : FAIL
# ================================================
# 
# ================================================
# TIME = 2015
# INPUTS :
# MODE=0 CE=1 CMD=15 CIN=0 VALID=11
# OPA=18 OPB=52
# --------------------------------
# REFERENCE MODEL OUTPUTS :
# RES_EXP=0
# OFLOW_EXP=0
# COUT_EXP=0
# G_EXP=0
# L_EXP=0
# E_EXP=0
# ERR_EXP=1
# --------------------------------
# DUT OUTPUTS :
# RES=0
# OFLOW=0
# COUT=0
# G=0
# L=0
# E=0
# ERR=0
# --------------------------------
# STATUS : FAIL
# ================================================
# 
# ================================================
# TIME = 2025
# INPUTS :
# MODE=0 CE=1 CMD=15 CIN=0 VALID=11
# OPA=18 OPB=52
# --------------------------------
# REFERENCE MODEL OUTPUTS :
# RES_EXP=0
# OFLOW_EXP=0
# COUT_EXP=0
# G_EXP=0
# L_EXP=0
# E_EXP=0
# ERR_EXP=1
# --------------------------------
# DUT OUTPUTS :
# RES=0
# OFLOW=0
# COUT=0
# G=0
# L=0
# E=0
# ERR=1
# --------------------------------
# STATUS : PASS
# ================================================
# 
# ================================================
# TIME = 2035
# INPUTS :
# MODE=0 CE=1 CMD=15 CIN=0 VALID=11
# OPA=18 OPB=52
# --------------------------------
# REFERENCE MODEL OUTPUTS :
# RES_EXP=0
# OFLOW_EXP=0
# COUT_EXP=0
# G_EXP=0
# L_EXP=0
# E_EXP=0
# ERR_EXP=1
# --------------------------------
# DUT OUTPUTS :
# RES=0
# OFLOW=0
# COUT=0
# G=0
# L=0
# E=0
# ERR=1
# --------------------------------
# STATUS : PASS
# ================================================
# 
# ================================================
# TIME = 2045
# INPUTS :
# MODE=0 CE=1 CMD=15 CIN=0 VALID=11
# OPA=18 OPB=52
# --------------------------------
# REFERENCE MODEL OUTPUTS :
# RES_EXP=0
# OFLOW_EXP=0
# COUT_EXP=0
# G_EXP=0
# L_EXP=0
# E_EXP=0
# ERR_EXP=1
# --------------------------------
# DUT OUTPUTS :
# RES=0
# OFLOW=0
# COUT=0
# G=0
# L=0
# E=0
# ERR=1
# --------------------------------
# STATUS : PASS
# ================================================
# 
# ================================================
# TIME = 2055
# INPUTS :
# MODE=0 CE=1 CMD=15 CIN=0 VALID=11
# OPA=18 OPB=52
# --------------------------------
# REFERENCE MODEL OUTPUTS :
# RES_EXP=0
# OFLOW_EXP=0
# COUT_EXP=0
# G_EXP=0
# L_EXP=0
# E_EXP=0
# ERR_EXP=1
# --------------------------------
# DUT OUTPUTS :
# RES=0
# OFLOW=0
# COUT=0
# G=0
# L=0
# E=0
# ERR=1
# --------------------------------
# STATUS : PASS
# ================================================
# 
# ================================================
# TIME = 2065
# INPUTS :
# MODE=0 CE=1 CMD=15 CIN=0 VALID=11
# OPA=18 OPB=52
# --------------------------------
# REFERENCE MODEL OUTPUTS :
# RES_EXP=0
# OFLOW_EXP=0
# COUT_EXP=0
# G_EXP=0
# L_EXP=0
# E_EXP=0
# ERR_EXP=1
# --------------------------------
# DUT OUTPUTS :
# RES=0
# OFLOW=0
# COUT=0
# G=0
# L=0
# E=0
# ERR=1
# --------------------------------
# STATUS : PASS
# ================================================
# 
# ================================================
# TIME = 2075
# INPUTS :
# MODE=0 CE=1 CMD=15 CIN=0 VALID=11
# OPA=18 OPB=52
# --------------------------------
# REFERENCE MODEL OUTPUTS :
# RES_EXP=0
# OFLOW_EXP=0
# COUT_EXP=0
# G_EXP=0
# L_EXP=0
# E_EXP=0
# ERR_EXP=1
# --------------------------------
# DUT OUTPUTS :
# RES=0
# OFLOW=0
# COUT=0
# G=0
# L=0
# E=0
# ERR=1
# --------------------------------
# STATUS : PASS
# ================================================
# 
# ================================================
# TIME = 2085
# INPUTS :
# MODE=0 CE=1 CMD=15 CIN=0 VALID=11
# OPA=18 OPB=52
# --------------------------------
# REFERENCE MODEL OUTPUTS :
# RES_EXP=0
# OFLOW_EXP=0
# COUT_EXP=0
# G_EXP=0
# L_EXP=0
# E_EXP=0
# ERR_EXP=1
# --------------------------------
# DUT OUTPUTS :
# RES=0
# OFLOW=0
# COUT=0
# G=0
# L=0
# E=0
# ERR=1
# --------------------------------
# STATUS : PASS
# ================================================
# 
# ================================================
# TIME = 2095
# INPUTS :
# MODE=0 CE=1 CMD=15 CIN=0 VALID=11
# OPA=18 OPB=52
# --------------------------------
# REFERENCE MODEL OUTPUTS :
# RES_EXP=0
# OFLOW_EXP=0
# COUT_EXP=0
# G_EXP=0
# L_EXP=0
# E_EXP=0
# ERR_EXP=1
# --------------------------------
# DUT OUTPUTS :
# RES=0
# OFLOW=0
# COUT=0
# G=0
# L=0
# E=0
# ERR=1
# --------------------------------
# STATUS : PASS
# ================================================
# 
# ================================================
# TIME = 2105
# INPUTS :
# MODE=0 CE=1 CMD=15 CIN=0 VALID=11
# OPA=18 OPB=52
# --------------------------------
# REFERENCE MODEL OUTPUTS :
# RES_EXP=0
# OFLOW_EXP=0
# COUT_EXP=0
# G_EXP=0
# L_EXP=0
# E_EXP=0
# ERR_EXP=1
# --------------------------------
# DUT OUTPUTS :
# RES=0
# OFLOW=0
# COUT=0
# G=0
# L=0
# E=0
# ERR=1
# --------------------------------
# STATUS : PASS
# ================================================
# 
# ================================================
# TIME = 2115
# INPUTS :
# MODE=0 CE=1 CMD=15 CIN=0 VALID=11
# OPA=18 OPB=52
# --------------------------------
# REFERENCE MODEL OUTPUTS :
# RES_EXP=0
# OFLOW_EXP=0
# COUT_EXP=0
# G_EXP=0
# L_EXP=0
# E_EXP=0
# ERR_EXP=1
# --------------------------------
# DUT OUTPUTS :
# RES=0
# OFLOW=0
# COUT=0
# G=0
# L=0
# E=0
# ERR=1
# --------------------------------
# STATUS : PASS
# ================================================
# 
# ================================================
# TIME = 2125
# INPUTS :
# MODE=0 CE=1 CMD=15 CIN=0 VALID=11
# OPA=18 OPB=52
# --------------------------------
# REFERENCE MODEL OUTPUTS :
# RES_EXP=0
# OFLOW_EXP=0
# COUT_EXP=0
# G_EXP=0
# L_EXP=0
# E_EXP=0
# ERR_EXP=1
# --------------------------------
# DUT OUTPUTS :
# RES=0
# OFLOW=0
# COUT=0
# G=0
# L=0
# E=0
# ERR=1
# --------------------------------
# STATUS : PASS
# ================================================
# 
# ================================================
# TIME = 2135
# INPUTS :
# MODE=0 CE=1 CMD=15 CIN=0 VALID=11
# OPA=18 OPB=52
# --------------------------------
# REFERENCE MODEL OUTPUTS :
# RES_EXP=0
# OFLOW_EXP=0
# COUT_EXP=0
# G_EXP=0
# L_EXP=0
# E_EXP=0
# ERR_EXP=1
# --------------------------------
# DUT OUTPUTS :
# RES=0
# OFLOW=0
# COUT=0
# G=0
# L=0
# E=0
# ERR=1
# --------------------------------
# STATUS : PASS
# ================================================
# 
# ================================================
# TIME = 2145
# INPUTS :
# MODE=0 CE=1 CMD=15 CIN=0 VALID=11
# OPA=18 OPB=52
# --------------------------------
# REFERENCE MODEL OUTPUTS :
# RES_EXP=0
# OFLOW_EXP=0
# COUT_EXP=0
# G_EXP=0
# L_EXP=0
# E_EXP=0
# ERR_EXP=1
# --------------------------------
# DUT OUTPUTS :
# RES=0
# OFLOW=0
# COUT=0
# G=0
# L=0
# E=0
# ERR=1
# --------------------------------
# STATUS : PASS
# ================================================
# 
# ================================================
# TIME = 2155
# INPUTS :
# MODE=0 CE=1 CMD=15 CIN=0 VALID=11
# OPA=18 OPB=52
# --------------------------------
# REFERENCE MODEL OUTPUTS :
# RES_EXP=0
# OFLOW_EXP=0
# COUT_EXP=0
# G_EXP=0
# L_EXP=0
# E_EXP=0
# ERR_EXP=1
# --------------------------------
# DUT OUTPUTS :
# RES=0
# OFLOW=0
# COUT=0
# G=0
# L=0
# E=0
# ERR=1
# --------------------------------
# STATUS : PASS
# ================================================
# 
# ================================================
# TIME = 2165
# INPUTS :
# MODE=0 CE=1 CMD=15 CIN=0 VALID=11
# OPA=18 OPB=52
# --------------------------------
# REFERENCE MODEL OUTPUTS :
# RES_EXP=0
# OFLOW_EXP=0
# COUT_EXP=0
# G_EXP=0
# L_EXP=0
# E_EXP=0
# ERR_EXP=1
# --------------------------------
# DUT OUTPUTS :
# RES=0
# OFLOW=0
# COUT=0
# G=0
# L=0
# E=0
# ERR=1
# --------------------------------
# STATUS : PASS
# ================================================
# 
# ================================================
# TIME = 2175
# INPUTS :
# MODE=0 CE=1 CMD=15 CIN=0 VALID=11
# OPA=18 OPB=52
# --------------------------------
# REFERENCE MODEL OUTPUTS :
# RES_EXP=0
# OFLOW_EXP=0
# COUT_EXP=0
# G_EXP=0
# L_EXP=0
# E_EXP=0
# ERR_EXP=1
# --------------------------------
# DUT OUTPUTS :
# RES=0
# OFLOW=0
# COUT=0
# G=0
# L=0
# E=0
# ERR=1
# --------------------------------
# STATUS : PASS
# ================================================
# 
# ================================================
# TIME = 2185
# INPUTS :
# MODE=0 CE=1 CMD=15 CIN=0 VALID=11
# OPA=18 OPB=52
# --------------------------------
# REFERENCE MODEL OUTPUTS :
# RES_EXP=0
# OFLOW_EXP=0
# COUT_EXP=0
# G_EXP=0
# L_EXP=0
# E_EXP=0
# ERR_EXP=1
# --------------------------------
# DUT OUTPUTS :
# RES=0
# OFLOW=0
# COUT=0
# G=0
# L=0
# E=0
# ERR=1
# --------------------------------
# STATUS : PASS
# ================================================
# 
# ================================================
# TIME = 2195
# INPUTS :
# MODE=0 CE=1 CMD=15 CIN=0 VALID=11
# OPA=18 OPB=52
# --------------------------------
# REFERENCE MODEL OUTPUTS :
# RES_EXP=0
# OFLOW_EXP=0
# COUT_EXP=0
# G_EXP=0
# L_EXP=0
# E_EXP=0
# ERR_EXP=1
# --------------------------------
# DUT OUTPUTS :
# RES=0
# OFLOW=0
# COUT=0
# G=0
# L=0
# E=0
# ERR=1
# --------------------------------
# STATUS : PASS
# ================================================
# 
# ================================================
# TIME = 2205
# INPUTS :
# MODE=1 CE=0 CMD=0 CIN=0 VALID=11
# OPA=85 OPB=170
# --------------------------------
# REFERENCE MODEL OUTPUTS :
# RES_EXP=0
# OFLOW_EXP=0
# COUT_EXP=0
# G_EXP=0
# L_EXP=0
# E_EXP=0
# ERR_EXP=1
# --------------------------------
# DUT OUTPUTS :
# RES=0
# OFLOW=0
# COUT=0
# G=0
# L=0
# E=0
# ERR=1
# --------------------------------
# STATUS : PASS
# ================================================
# 
# ================================================
# TIME = 2215
# INPUTS :
# MODE=1 CE=0 CMD=0 CIN=0 VALID=11
# OPA=85 OPB=170
# --------------------------------
# REFERENCE MODEL OUTPUTS :
# RES_EXP=0
# OFLOW_EXP=0
# COUT_EXP=0
# G_EXP=0
# L_EXP=0
# E_EXP=0
# ERR_EXP=1
# --------------------------------
# DUT OUTPUTS :
# RES=0
# OFLOW=0
# COUT=0
# G=0
# L=0
# E=0
# ERR=1
# --------------------------------
# STATUS : PASS
# ================================================
# 
# ================================================
# TIME = 2225
# INPUTS :
# MODE=1 CE=0 CMD=0 CIN=0 VALID=11
# OPA=85 OPB=170
# --------------------------------
# REFERENCE MODEL OUTPUTS :
# RES_EXP=0
# OFLOW_EXP=0
# COUT_EXP=0
# G_EXP=0
# L_EXP=0
# E_EXP=0
# ERR_EXP=1
# --------------------------------
# DUT OUTPUTS :
# RES=0
# OFLOW=0
# COUT=0
# G=0
# L=0
# E=0
# ERR=1
# --------------------------------
# STATUS : PASS
# ================================================
# 
# ================================================
# TIME = 2235
# INPUTS :
# MODE=1 CE=0 CMD=0 CIN=0 VALID=11
# OPA=85 OPB=170
# --------------------------------
# REFERENCE MODEL OUTPUTS :
# RES_EXP=0
# OFLOW_EXP=0
# COUT_EXP=0
# G_EXP=0
# L_EXP=0
# E_EXP=0
# ERR_EXP=1
# --------------------------------
# DUT OUTPUTS :
# RES=0
# OFLOW=0
# COUT=0
# G=0
# L=0
# E=0
# ERR=1
# --------------------------------
# STATUS : PASS
# ================================================
# 
# ================================================
# TIME = 2245
# INPUTS :
# MODE=1 CE=0 CMD=0 CIN=0 VALID=11
# OPA=85 OPB=170
# --------------------------------
# REFERENCE MODEL OUTPUTS :
# RES_EXP=0
# OFLOW_EXP=0
# COUT_EXP=0
# G_EXP=0
# L_EXP=0
# E_EXP=0
# ERR_EXP=1
# --------------------------------
# DUT OUTPUTS :
# RES=0
# OFLOW=0
# COUT=0
# G=0
# L=0
# E=0
# ERR=1
# --------------------------------
# STATUS : PASS
# ================================================
# 
# ================================================
# TIME = 2255
# INPUTS :
# MODE=1 CE=0 CMD=0 CIN=0 VALID=11
# OPA=85 OPB=170
# --------------------------------
# REFERENCE MODEL OUTPUTS :
# RES_EXP=0
# OFLOW_EXP=0
# COUT_EXP=0
# G_EXP=0
# L_EXP=0
# E_EXP=0
# ERR_EXP=1
# --------------------------------
# DUT OUTPUTS :
# RES=0
# OFLOW=0
# COUT=0
# G=0
# L=0
# E=0
# ERR=1
# --------------------------------
# STATUS : PASS
# ================================================
# 
# ================================================
# TIME = 2265
# INPUTS :
# MODE=1 CE=0 CMD=0 CIN=0 VALID=11
# OPA=85 OPB=170
# --------------------------------
# REFERENCE MODEL OUTPUTS :
# RES_EXP=0
# OFLOW_EXP=0
# COUT_EXP=0
# G_EXP=0
# L_EXP=0
# E_EXP=0
# ERR_EXP=1
# --------------------------------
# DUT OUTPUTS :
# RES=0
# OFLOW=0
# COUT=0
# G=0
# L=0
# E=0
# ERR=1
# --------------------------------
# STATUS : PASS
# ================================================
# 
# ================================================
# TIME = 2275
# INPUTS :
# MODE=1 CE=0 CMD=0 CIN=0 VALID=11
# OPA=85 OPB=170
# --------------------------------
# REFERENCE MODEL OUTPUTS :
# RES_EXP=0
# OFLOW_EXP=0
# COUT_EXP=0
# G_EXP=0
# L_EXP=0
# E_EXP=0
# ERR_EXP=1
# --------------------------------
# DUT OUTPUTS :
# RES=0
# OFLOW=0
# COUT=0
# G=0
# L=0
# E=0
# ERR=1
# --------------------------------
# STATUS : PASS
# ================================================
# 
# ================================================
# TIME = 2285
# INPUTS :
# MODE=1 CE=0 CMD=0 CIN=0 VALID=11
# OPA=85 OPB=170
# --------------------------------
# REFERENCE MODEL OUTPUTS :
# RES_EXP=0
# OFLOW_EXP=0
# COUT_EXP=0
# G_EXP=0
# L_EXP=0
# E_EXP=0
# ERR_EXP=1
# --------------------------------
# DUT OUTPUTS :
# RES=0
# OFLOW=0
# COUT=0
# G=0
# L=0
# E=0
# ERR=1
# --------------------------------
# STATUS : PASS
# ================================================
# 
# ================================================
# TIME = 2295
# INPUTS :
# MODE=1 CE=0 CMD=0 CIN=0 VALID=11
# OPA=85 OPB=170
# --------------------------------
# REFERENCE MODEL OUTPUTS :
# RES_EXP=0
# OFLOW_EXP=0
# COUT_EXP=0
# G_EXP=0
# L_EXP=0
# E_EXP=0
# ERR_EXP=1
# --------------------------------
# DUT OUTPUTS :
# RES=0
# OFLOW=0
# COUT=0
# G=0
# L=0
# E=0
# ERR=1
# --------------------------------
# STATUS : PASS
# ================================================
# 
# ================================================
# TIME = 2305
# INPUTS :
# MODE=1 CE=0 CMD=0 CIN=0 VALID=11
# OPA=85 OPB=170
# --------------------------------
# REFERENCE MODEL OUTPUTS :
# RES_EXP=0
# OFLOW_EXP=0
# COUT_EXP=0
# G_EXP=0
# L_EXP=0
# E_EXP=0
# ERR_EXP=1
# --------------------------------
# DUT OUTPUTS :
# RES=0
# OFLOW=0
# COUT=0
# G=0
# L=0
# E=0
# ERR=1
# --------------------------------
# STATUS : PASS
# ================================================
# 
# ================================================
# TIME = 2315
# INPUTS :
# MODE=1 CE=0 CMD=0 CIN=0 VALID=11
# OPA=85 OPB=170
# --------------------------------
# REFERENCE MODEL OUTPUTS :
# RES_EXP=0
# OFLOW_EXP=0
# COUT_EXP=0
# G_EXP=0
# L_EXP=0
# E_EXP=0
# ERR_EXP=1
# --------------------------------
# DUT OUTPUTS :
# RES=0
# OFLOW=0
# COUT=0
# G=0
# L=0
# E=0
# ERR=1
# --------------------------------
# STATUS : PASS
# ================================================
# 
# ================================================
# TIME = 2325
# INPUTS :
# MODE=1 CE=0 CMD=0 CIN=0 VALID=11
# OPA=85 OPB=170
# --------------------------------
# REFERENCE MODEL OUTPUTS :
# RES_EXP=0
# OFLOW_EXP=0
# COUT_EXP=0
# G_EXP=0
# L_EXP=0
# E_EXP=0
# ERR_EXP=1
# --------------------------------
# DUT OUTPUTS :
# RES=0
# OFLOW=0
# COUT=0
# G=0
# L=0
# E=0
# ERR=1
# --------------------------------
# STATUS : PASS
# ================================================
# 
# ================================================
# TIME = 2335
# INPUTS :
# MODE=1 CE=0 CMD=0 CIN=0 VALID=11
# OPA=85 OPB=170
# --------------------------------
# REFERENCE MODEL OUTPUTS :
# RES_EXP=0
# OFLOW_EXP=0
# COUT_EXP=0
# G_EXP=0
# L_EXP=0
# E_EXP=0
# ERR_EXP=1
# --------------------------------
# DUT OUTPUTS :
# RES=0
# OFLOW=0
# COUT=0
# G=0
# L=0
# E=0
# ERR=1
# --------------------------------
# STATUS : PASS
# ================================================
# 
# ================================================
# TIME = 2345
# INPUTS :
# MODE=1 CE=0 CMD=0 CIN=0 VALID=11
# OPA=85 OPB=170
# --------------------------------
# REFERENCE MODEL OUTPUTS :
# RES_EXP=0
# OFLOW_EXP=0
# COUT_EXP=0
# G_EXP=0
# L_EXP=0
# E_EXP=0
# ERR_EXP=1
# --------------------------------
# DUT OUTPUTS :
# RES=0
# OFLOW=0
# COUT=0
# G=0
# L=0
# E=0
# ERR=1
# --------------------------------
# STATUS : PASS
# ================================================
# 
# ================================================
# TIME = 2355
# INPUTS :
# MODE=1 CE=0 CMD=0 CIN=0 VALID=11
# OPA=85 OPB=170
# --------------------------------
# REFERENCE MODEL OUTPUTS :
# RES_EXP=0
# OFLOW_EXP=0
# COUT_EXP=0
# G_EXP=0
# L_EXP=0
# E_EXP=0
# ERR_EXP=1
# --------------------------------
# DUT OUTPUTS :
# RES=0
# OFLOW=0
# COUT=0
# G=0
# L=0
# E=0
# ERR=1
# --------------------------------
# STATUS : PASS
# ================================================
# 
# ================================================
# TIME = 2365
# INPUTS :
# MODE=1 CE=0 CMD=0 CIN=0 VALID=11
# OPA=85 OPB=170
# --------------------------------
# REFERENCE MODEL OUTPUTS :
# RES_EXP=0
# OFLOW_EXP=0
# COUT_EXP=0
# G_EXP=0
# L_EXP=0
# E_EXP=0
# ERR_EXP=1
# --------------------------------
# DUT OUTPUTS :
# RES=0
# OFLOW=0
# COUT=0
# G=0
# L=0
# E=0
# ERR=1
# --------------------------------
# STATUS : PASS
# ================================================
# 
# ================================================
# TIME = 2375
# INPUTS :
# MODE=1 CE=0 CMD=0 CIN=0 VALID=11
# OPA=85 OPB=170
# --------------------------------
# REFERENCE MODEL OUTPUTS :
# RES_EXP=0
# OFLOW_EXP=0
# COUT_EXP=0
# G_EXP=0
# L_EXP=0
# E_EXP=0
# ERR_EXP=1
# --------------------------------
# DUT OUTPUTS :
# RES=0
# OFLOW=0
# COUT=0
# G=0
# L=0
# E=0
# ERR=1
# --------------------------------
# STATUS : PASS
# ================================================
# 
# ================================================
# TIME = 2385
# INPUTS :
# MODE=1 CE=0 CMD=0 CIN=0 VALID=11
# OPA=85 OPB=170
# --------------------------------
# REFERENCE MODEL OUTPUTS :
# RES_EXP=0
# OFLOW_EXP=0
# COUT_EXP=0
# G_EXP=0
# L_EXP=0
# E_EXP=0
# ERR_EXP=1
# --------------------------------
# DUT OUTPUTS :
# RES=0
# OFLOW=0
# COUT=0
# G=0
# L=0
# E=0
# ERR=1
# --------------------------------
# STATUS : PASS
# ================================================
# 
# ================================================
# TIME = 2395
# INPUTS :
# MODE=1 CE=0 CMD=0 CIN=0 VALID=11
# OPA=85 OPB=170
# --------------------------------
# REFERENCE MODEL OUTPUTS :
# RES_EXP=0
# OFLOW_EXP=0
# COUT_EXP=0
# G_EXP=0
# L_EXP=0
# E_EXP=0
# ERR_EXP=1
# --------------------------------
# DUT OUTPUTS :
# RES=0
# OFLOW=0
# COUT=0
# G=0
# L=0
# E=0
# ERR=1
# --------------------------------
# STATUS : PASS
# ================================================
# 
# ================================================
# TIME = 2405
# INPUTS :
# MODE=1 CE=1 CMD=0 CIN=0 VALID=00
# OPA=85 OPB=170
# --------------------------------
# REFERENCE MODEL OUTPUTS :
# RES_EXP=0
# OFLOW_EXP=0
# COUT_EXP=0
# G_EXP=0
# L_EXP=0
# E_EXP=0
# ERR_EXP=1
# --------------------------------
# DUT OUTPUTS :
# RES=0
# OFLOW=0
# COUT=0
# G=0
# L=0
# E=0
# ERR=1
# --------------------------------
# STATUS : PASS
# ================================================
# 
# ================================================
# TIME = 2415
# INPUTS :
# MODE=1 CE=1 CMD=0 CIN=0 VALID=00
# OPA=85 OPB=170
# --------------------------------
# REFERENCE MODEL OUTPUTS :
# RES_EXP=0
# OFLOW_EXP=0
# COUT_EXP=0
# G_EXP=0
# L_EXP=0
# E_EXP=0
# ERR_EXP=1
# --------------------------------
# DUT OUTPUTS :
# RES=0
# OFLOW=0
# COUT=0
# G=0
# L=0
# E=0
# ERR=1
# --------------------------------
# STATUS : PASS
# ================================================
# 
# ================================================
# TIME = 2425
# INPUTS :
# MODE=1 CE=1 CMD=0 CIN=0 VALID=00
# OPA=85 OPB=170
# --------------------------------
# REFERENCE MODEL OUTPUTS :
# RES_EXP=0
# OFLOW_EXP=0
# COUT_EXP=0
# G_EXP=0
# L_EXP=0
# E_EXP=0
# ERR_EXP=1
# --------------------------------
# DUT OUTPUTS :
# RES=0
# OFLOW=0
# COUT=0
# G=0
# L=0
# E=0
# ERR=1
# --------------------------------
# STATUS : PASS
# ================================================
# 
# ================================================
# TIME = 2435
# INPUTS :
# MODE=1 CE=1 CMD=0 CIN=0 VALID=00
# OPA=85 OPB=170
# --------------------------------
# REFERENCE MODEL OUTPUTS :
# RES_EXP=0
# OFLOW_EXP=0
# COUT_EXP=0
# G_EXP=0
# L_EXP=0
# E_EXP=0
# ERR_EXP=1
# --------------------------------
# DUT OUTPUTS :
# RES=0
# OFLOW=0
# COUT=0
# G=0
# L=0
# E=0
# ERR=1
# --------------------------------
# STATUS : PASS
# ================================================
# 
# ================================================
# TIME = 2445
# INPUTS :
# MODE=1 CE=1 CMD=0 CIN=0 VALID=00
# OPA=85 OPB=170
# --------------------------------
# REFERENCE MODEL OUTPUTS :
# RES_EXP=0
# OFLOW_EXP=0
# COUT_EXP=0
# G_EXP=0
# L_EXP=0
# E_EXP=0
# ERR_EXP=1
# --------------------------------
# DUT OUTPUTS :
# RES=0
# OFLOW=0
# COUT=0
# G=0
# L=0
# E=0
# ERR=1
# --------------------------------
# STATUS : PASS
# ================================================
# 
# ================================================
# TIME = 2455
# INPUTS :
# MODE=1 CE=1 CMD=0 CIN=0 VALID=00
# OPA=85 OPB=170
# --------------------------------
# REFERENCE MODEL OUTPUTS :
# RES_EXP=0
# OFLOW_EXP=0
# COUT_EXP=0
# G_EXP=0
# L_EXP=0
# E_EXP=0
# ERR_EXP=1
# --------------------------------
# DUT OUTPUTS :
# RES=0
# OFLOW=0
# COUT=0
# G=0
# L=0
# E=0
# ERR=1
# --------------------------------
# STATUS : PASS
# ================================================
# 
# ================================================
# TIME = 2465
# INPUTS :
# MODE=1 CE=1 CMD=0 CIN=0 VALID=00
# OPA=85 OPB=170
# --------------------------------
# REFERENCE MODEL OUTPUTS :
# RES_EXP=0
# OFLOW_EXP=0
# COUT_EXP=0
# G_EXP=0
# L_EXP=0
# E_EXP=0
# ERR_EXP=1
# --------------------------------
# DUT OUTPUTS :
# RES=0
# OFLOW=0
# COUT=0
# G=0
# L=0
# E=0
# ERR=1
# --------------------------------
# STATUS : PASS
# ================================================
# 
# ================================================
# TIME = 2475
# INPUTS :
# MODE=1 CE=1 CMD=0 CIN=0 VALID=00
# OPA=85 OPB=170
# --------------------------------
# REFERENCE MODEL OUTPUTS :
# RES_EXP=0
# OFLOW_EXP=0
# COUT_EXP=0
# G_EXP=0
# L_EXP=0
# E_EXP=0
# ERR_EXP=1
# --------------------------------
# DUT OUTPUTS :
# RES=0
# OFLOW=0
# COUT=0
# G=0
# L=0
# E=0
# ERR=1
# --------------------------------
# STATUS : PASS
# ================================================
# 
# ================================================
# TIME = 2485
# INPUTS :
# MODE=1 CE=1 CMD=0 CIN=0 VALID=00
# OPA=85 OPB=170
# --------------------------------
# REFERENCE MODEL OUTPUTS :
# RES_EXP=0
# OFLOW_EXP=0
# COUT_EXP=0
# G_EXP=0
# L_EXP=0
# E_EXP=0
# ERR_EXP=1
# --------------------------------
# DUT OUTPUTS :
# RES=0
# OFLOW=0
# COUT=0
# G=0
# L=0
# E=0
# ERR=1
# --------------------------------
# STATUS : PASS
# ================================================
# 
# ================================================
# TIME = 2495
# INPUTS :
# MODE=1 CE=1 CMD=0 CIN=0 VALID=00
# OPA=85 OPB=170
# --------------------------------
# REFERENCE MODEL OUTPUTS :
# RES_EXP=0
# OFLOW_EXP=0
# COUT_EXP=0
# G_EXP=0
# L_EXP=0
# E_EXP=0
# ERR_EXP=1
# --------------------------------
# DUT OUTPUTS :
# RES=0
# OFLOW=0
# COUT=0
# G=0
# L=0
# E=0
# ERR=1
# --------------------------------
# STATUS : PASS
# ================================================
# 
# ================================================
# TIME = 2505
# INPUTS :
# MODE=1 CE=1 CMD=0 CIN=0 VALID=00
# OPA=85 OPB=170
# --------------------------------
# REFERENCE MODEL OUTPUTS :
# RES_EXP=0
# OFLOW_EXP=0
# COUT_EXP=0
# G_EXP=0
# L_EXP=0
# E_EXP=0
# ERR_EXP=1
# --------------------------------
# DUT OUTPUTS :
# RES=0
# OFLOW=0
# COUT=0
# G=0
# L=0
# E=0
# ERR=1
# --------------------------------
# STATUS : PASS
# ================================================
# 
# ================================================
# TIME = 2515
# INPUTS :
# MODE=1 CE=1 CMD=0 CIN=0 VALID=00
# OPA=85 OPB=170
# --------------------------------
# REFERENCE MODEL OUTPUTS :
# RES_EXP=0
# OFLOW_EXP=0
# COUT_EXP=0
# G_EXP=0
# L_EXP=0
# E_EXP=0
# ERR_EXP=1
# --------------------------------
# DUT OUTPUTS :
# RES=0
# OFLOW=0
# COUT=0
# G=0
# L=0
# E=0
# ERR=1
# --------------------------------
# STATUS : PASS
# ================================================
# 
# ================================================
# TIME = 2525
# INPUTS :
# MODE=1 CE=1 CMD=0 CIN=0 VALID=00
# OPA=85 OPB=170
# --------------------------------
# REFERENCE MODEL OUTPUTS :
# RES_EXP=0
# OFLOW_EXP=0
# COUT_EXP=0
# G_EXP=0
# L_EXP=0
# E_EXP=0
# ERR_EXP=1
# --------------------------------
# DUT OUTPUTS :
# RES=0
# OFLOW=0
# COUT=0
# G=0
# L=0
# E=0
# ERR=1
# --------------------------------
# STATUS : PASS
# ================================================
# 
# ================================================
# TIME = 2535
# INPUTS :
# MODE=1 CE=1 CMD=0 CIN=0 VALID=00
# OPA=85 OPB=170
# --------------------------------
# REFERENCE MODEL OUTPUTS :
# RES_EXP=0
# OFLOW_EXP=0
# COUT_EXP=0
# G_EXP=0
# L_EXP=0
# E_EXP=0
# ERR_EXP=1
# --------------------------------
# DUT OUTPUTS :
# RES=0
# OFLOW=0
# COUT=0
# G=0
# L=0
# E=0
# ERR=1
# --------------------------------
# STATUS : PASS
# ================================================
# 
# ================================================
# TIME = 2545
# INPUTS :
# MODE=1 CE=1 CMD=0 CIN=0 VALID=00
# OPA=85 OPB=170
# --------------------------------
# REFERENCE MODEL OUTPUTS :
# RES_EXP=0
# OFLOW_EXP=0
# COUT_EXP=0
# G_EXP=0
# L_EXP=0
# E_EXP=0
# ERR_EXP=1
# --------------------------------
# DUT OUTPUTS :
# RES=0
# OFLOW=0
# COUT=0
# G=0
# L=0
# E=0
# ERR=1
# --------------------------------
# STATUS : PASS
# ================================================
# 
# ================================================
# TIME = 2555
# INPUTS :
# MODE=1 CE=1 CMD=0 CIN=0 VALID=00
# OPA=85 OPB=170
# --------------------------------
# REFERENCE MODEL OUTPUTS :
# RES_EXP=0
# OFLOW_EXP=0
# COUT_EXP=0
# G_EXP=0
# L_EXP=0
# E_EXP=0
# ERR_EXP=1
# --------------------------------
# DUT OUTPUTS :
# RES=0
# OFLOW=0
# COUT=0
# G=0
# L=0
# E=0
# ERR=1
# --------------------------------
# STATUS : PASS
# ================================================
# 
# ================================================
# TIME = 2565
# INPUTS :
# MODE=1 CE=1 CMD=0 CIN=0 VALID=00
# OPA=85 OPB=170
# --------------------------------
# REFERENCE MODEL OUTPUTS :
# RES_EXP=0
# OFLOW_EXP=0
# COUT_EXP=0
# G_EXP=0
# L_EXP=0
# E_EXP=0
# ERR_EXP=1
# --------------------------------
# DUT OUTPUTS :
# RES=0
# OFLOW=0
# COUT=0
# G=0
# L=0
# E=0
# ERR=1
# --------------------------------
# STATUS : PASS
# ================================================
# 
# ================================================
# TIME = 2575
# INPUTS :
# MODE=1 CE=1 CMD=0 CIN=0 VALID=00
# OPA=85 OPB=170
# --------------------------------
# REFERENCE MODEL OUTPUTS :
# RES_EXP=0
# OFLOW_EXP=0
# COUT_EXP=0
# G_EXP=0
# L_EXP=0
# E_EXP=0
# ERR_EXP=1
# --------------------------------
# DUT OUTPUTS :
# RES=0
# OFLOW=0
# COUT=0
# G=0
# L=0
# E=0
# ERR=1
# --------------------------------
# STATUS : PASS
# ================================================
# 
# ================================================
# TIME = 2585
# INPUTS :
# MODE=1 CE=1 CMD=0 CIN=0 VALID=00
# OPA=85 OPB=170
# --------------------------------
# REFERENCE MODEL OUTPUTS :
# RES_EXP=0
# OFLOW_EXP=0
# COUT_EXP=0
# G_EXP=0
# L_EXP=0
# E_EXP=0
# ERR_EXP=1
# --------------------------------
# DUT OUTPUTS :
# RES=0
# OFLOW=0
# COUT=0
# G=0
# L=0
# E=0
# ERR=1
# --------------------------------
# STATUS : PASS
# ================================================
# 
# ================================================
# TIME = 2595
# INPUTS :
# MODE=1 CE=1 CMD=0 CIN=0 VALID=00
# OPA=85 OPB=170
# --------------------------------
# REFERENCE MODEL OUTPUTS :
# RES_EXP=0
# OFLOW_EXP=0
# COUT_EXP=0
# G_EXP=0
# L_EXP=0
# E_EXP=0
# ERR_EXP=1
# --------------------------------
# DUT OUTPUTS :
# RES=0
# OFLOW=0
# COUT=0
# G=0
# L=0
# E=0
# ERR=1
# --------------------------------
# STATUS : PASS
# ================================================
# 
# ================================================
# TIME = 2605
# INPUTS :
# MODE=1 CE=1 CMD=4 CIN=0 VALID=01
# OPA=85 OPB=170
# --------------------------------
# REFERENCE MODEL OUTPUTS :
# RES_EXP=0
# OFLOW_EXP=0
# COUT_EXP=0
# G_EXP=0
# L_EXP=0
# E_EXP=0
# ERR_EXP=1
# --------------------------------
# DUT OUTPUTS :
# RES=0
# OFLOW=0
# COUT=0
# G=0
# L=0
# E=0
# ERR=1
# --------------------------------
# STATUS : PASS
# ================================================
# 
# ================================================
# TIME = 2615
# INPUTS :
# MODE=1 CE=1 CMD=4 CIN=0 VALID=01
# OPA=85 OPB=170
# --------------------------------
# REFERENCE MODEL OUTPUTS :
# RES_EXP=0
# OFLOW_EXP=0
# COUT_EXP=0
# G_EXP=0
# L_EXP=0
# E_EXP=0
# ERR_EXP=1
# --------------------------------
# DUT OUTPUTS :
# RES=0
# OFLOW=0
# COUT=0
# G=0
# L=0
# E=0
# ERR=1
# --------------------------------
# STATUS : PASS
# ================================================
# 
# ================================================
# TIME = 2625
# INPUTS :
# MODE=1 CE=1 CMD=4 CIN=0 VALID=01
# OPA=85 OPB=170
# --------------------------------
# REFERENCE MODEL OUTPUTS :
# RES_EXP=86
# OFLOW_EXP=0
# COUT_EXP=0
# G_EXP=0
# L_EXP=0
# E_EXP=0
# ERR_EXP=0
# --------------------------------
# DUT OUTPUTS :
# RES=86
# OFLOW=0
# COUT=0
# G=0
# L=0
# E=0
# ERR=0
# --------------------------------
# STATUS : PASS
# ================================================
# 
# ================================================
# TIME = 2635
# INPUTS :
# MODE=1 CE=1 CMD=4 CIN=0 VALID=01
# OPA=85 OPB=170
# --------------------------------
# REFERENCE MODEL OUTPUTS :
# RES_EXP=86
# OFLOW_EXP=0
# COUT_EXP=0
# G_EXP=0
# L_EXP=0
# E_EXP=0
# ERR_EXP=0
# --------------------------------
# DUT OUTPUTS :
# RES=86
# OFLOW=0
# COUT=0
# G=0
# L=0
# E=0
# ERR=0
# --------------------------------
# STATUS : PASS
# ================================================
# 
# ================================================
# TIME = 2645
# INPUTS :
# MODE=1 CE=1 CMD=4 CIN=0 VALID=01
# OPA=85 OPB=170
# --------------------------------
# REFERENCE MODEL OUTPUTS :
# RES_EXP=86
# OFLOW_EXP=0
# COUT_EXP=0
# G_EXP=0
# L_EXP=0
# E_EXP=0
# ERR_EXP=0
# --------------------------------
# DUT OUTPUTS :
# RES=86
# OFLOW=0
# COUT=0
# G=0
# L=0
# E=0
# ERR=0
# --------------------------------
# STATUS : PASS
# ================================================
# 
# ================================================
# TIME = 2655
# INPUTS :
# MODE=1 CE=1 CMD=4 CIN=0 VALID=01
# OPA=85 OPB=170
# --------------------------------
# REFERENCE MODEL OUTPUTS :
# RES_EXP=86
# OFLOW_EXP=0
# COUT_EXP=0
# G_EXP=0
# L_EXP=0
# E_EXP=0
# ERR_EXP=0
# --------------------------------
# DUT OUTPUTS :
# RES=86
# OFLOW=0
# COUT=0
# G=0
# L=0
# E=0
# ERR=0
# --------------------------------
# STATUS : PASS
# ================================================
# 
# ================================================
# TIME = 2665
# INPUTS :
# MODE=1 CE=1 CMD=4 CIN=0 VALID=01
# OPA=85 OPB=170
# --------------------------------
# REFERENCE MODEL OUTPUTS :
# RES_EXP=86
# OFLOW_EXP=0
# COUT_EXP=0
# G_EXP=0
# L_EXP=0
# E_EXP=0
# ERR_EXP=0
# --------------------------------
# DUT OUTPUTS :
# RES=86
# OFLOW=0
# COUT=0
# G=0
# L=0
# E=0
# ERR=0
# --------------------------------
# STATUS : PASS
# ================================================
# 
# ================================================
# TIME = 2675
# INPUTS :
# MODE=1 CE=1 CMD=4 CIN=0 VALID=01
# OPA=85 OPB=170
# --------------------------------
# REFERENCE MODEL OUTPUTS :
# RES_EXP=86
# OFLOW_EXP=0
# COUT_EXP=0
# G_EXP=0
# L_EXP=0
# E_EXP=0
# ERR_EXP=0
# --------------------------------
# DUT OUTPUTS :
# RES=86
# OFLOW=0
# COUT=0
# G=0
# L=0
# E=0
# ERR=0
# --------------------------------
# STATUS : PASS
# ================================================
# 
# ================================================
# TIME = 2685
# INPUTS :
# MODE=1 CE=1 CMD=4 CIN=0 VALID=01
# OPA=85 OPB=170
# --------------------------------
# REFERENCE MODEL OUTPUTS :
# RES_EXP=86
# OFLOW_EXP=0
# COUT_EXP=0
# G_EXP=0
# L_EXP=0
# E_EXP=0
# ERR_EXP=0
# --------------------------------
# DUT OUTPUTS :
# RES=86
# OFLOW=0
# COUT=0
# G=0
# L=0
# E=0
# ERR=0
# --------------------------------
# STATUS : PASS
# ================================================
# 
# ================================================
# TIME = 2695
# INPUTS :
# MODE=1 CE=1 CMD=4 CIN=0 VALID=01
# OPA=85 OPB=170
# --------------------------------
# REFERENCE MODEL OUTPUTS :
# RES_EXP=86
# OFLOW_EXP=0
# COUT_EXP=0
# G_EXP=0
# L_EXP=0
# E_EXP=0
# ERR_EXP=0
# --------------------------------
# DUT OUTPUTS :
# RES=86
# OFLOW=0
# COUT=0
# G=0
# L=0
# E=0
# ERR=0
# --------------------------------
# STATUS : PASS
# ================================================
# 
# ================================================
# TIME = 2705
# INPUTS :
# MODE=1 CE=1 CMD=4 CIN=0 VALID=01
# OPA=85 OPB=170
# --------------------------------
# REFERENCE MODEL OUTPUTS :
# RES_EXP=86
# OFLOW_EXP=0
# COUT_EXP=0
# G_EXP=0
# L_EXP=0
# E_EXP=0
# ERR_EXP=0
# --------------------------------
# DUT OUTPUTS :
# RES=86
# OFLOW=0
# COUT=0
# G=0
# L=0
# E=0
# ERR=0
# --------------------------------
# STATUS : PASS
# ================================================
# 
# ================================================
# TIME = 2715
# INPUTS :
# MODE=1 CE=1 CMD=4 CIN=0 VALID=01
# OPA=85 OPB=170
# --------------------------------
# REFERENCE MODEL OUTPUTS :
# RES_EXP=86
# OFLOW_EXP=0
# COUT_EXP=0
# G_EXP=0
# L_EXP=0
# E_EXP=0
# ERR_EXP=0
# --------------------------------
# DUT OUTPUTS :
# RES=86
# OFLOW=0
# COUT=0
# G=0
# L=0
# E=0
# ERR=0
# --------------------------------
# STATUS : PASS
# ================================================
# 
# ================================================
# TIME = 2725
# INPUTS :
# MODE=1 CE=1 CMD=4 CIN=0 VALID=01
# OPA=85 OPB=170
# --------------------------------
# REFERENCE MODEL OUTPUTS :
# RES_EXP=86
# OFLOW_EXP=0
# COUT_EXP=0
# G_EXP=0
# L_EXP=0
# E_EXP=0
# ERR_EXP=0
# --------------------------------
# DUT OUTPUTS :
# RES=86
# OFLOW=0
# COUT=0
# G=0
# L=0
# E=0
# ERR=0
# --------------------------------
# STATUS : PASS
# ================================================
# 
# ================================================
# TIME = 2735
# INPUTS :
# MODE=1 CE=1 CMD=4 CIN=0 VALID=01
# OPA=85 OPB=170
# --------------------------------
# REFERENCE MODEL OUTPUTS :
# RES_EXP=86
# OFLOW_EXP=0
# COUT_EXP=0
# G_EXP=0
# L_EXP=0
# E_EXP=0
# ERR_EXP=0
# --------------------------------
# DUT OUTPUTS :
# RES=86
# OFLOW=0
# COUT=0
# G=0
# L=0
# E=0
# ERR=0
# --------------------------------
# STATUS : PASS
# ================================================
# 
# ================================================
# TIME = 2745
# INPUTS :
# MODE=1 CE=1 CMD=4 CIN=0 VALID=01
# OPA=85 OPB=170
# --------------------------------
# REFERENCE MODEL OUTPUTS :
# RES_EXP=86
# OFLOW_EXP=0
# COUT_EXP=0
# G_EXP=0
# L_EXP=0
# E_EXP=0
# ERR_EXP=0
# --------------------------------
# DUT OUTPUTS :
# RES=86
# OFLOW=0
# COUT=0
# G=0
# L=0
# E=0
# ERR=0
# --------------------------------
# STATUS : PASS
# ================================================
# 
# ================================================
# TIME = 2755
# INPUTS :
# MODE=1 CE=1 CMD=4 CIN=0 VALID=01
# OPA=85 OPB=170
# --------------------------------
# REFERENCE MODEL OUTPUTS :
# RES_EXP=86
# OFLOW_EXP=0
# COUT_EXP=0
# G_EXP=0
# L_EXP=0
# E_EXP=0
# ERR_EXP=0
# --------------------------------
# DUT OUTPUTS :
# RES=86
# OFLOW=0
# COUT=0
# G=0
# L=0
# E=0
# ERR=0
# --------------------------------
# STATUS : PASS
# ================================================
# 
# ================================================
# TIME = 2765
# INPUTS :
# MODE=1 CE=1 CMD=4 CIN=0 VALID=01
# OPA=85 OPB=170
# --------------------------------
# REFERENCE MODEL OUTPUTS :
# RES_EXP=86
# OFLOW_EXP=0
# COUT_EXP=0
# G_EXP=0
# L_EXP=0
# E_EXP=0
# ERR_EXP=0
# --------------------------------
# DUT OUTPUTS :
# RES=86
# OFLOW=0
# COUT=0
# G=0
# L=0
# E=0
# ERR=0
# --------------------------------
# STATUS : PASS
# ================================================
# 
# ================================================
# TIME = 2775
# INPUTS :
# MODE=1 CE=1 CMD=4 CIN=0 VALID=01
# OPA=85 OPB=170
# --------------------------------
# REFERENCE MODEL OUTPUTS :
# RES_EXP=86
# OFLOW_EXP=0
# COUT_EXP=0
# G_EXP=0
# L_EXP=0
# E_EXP=0
# ERR_EXP=0
# --------------------------------
# DUT OUTPUTS :
# RES=86
# OFLOW=0
# COUT=0
# G=0
# L=0
# E=0
# ERR=0
# --------------------------------
# STATUS : PASS
# ================================================
# 
# ================================================
# TIME = 2785
# INPUTS :
# MODE=1 CE=1 CMD=4 CIN=0 VALID=01
# OPA=85 OPB=170
# --------------------------------
# REFERENCE MODEL OUTPUTS :
# RES_EXP=86
# OFLOW_EXP=0
# COUT_EXP=0
# G_EXP=0
# L_EXP=0
# E_EXP=0
# ERR_EXP=0
# --------------------------------
# DUT OUTPUTS :
# RES=86
# OFLOW=0
# COUT=0
# G=0
# L=0
# E=0
# ERR=0
# --------------------------------
# STATUS : PASS
# ================================================
# 
# ================================================
# TIME = 2795
# INPUTS :
# MODE=1 CE=1 CMD=4 CIN=0 VALID=01
# OPA=85 OPB=170
# --------------------------------
# REFERENCE MODEL OUTPUTS :
# RES_EXP=86
# OFLOW_EXP=0
# COUT_EXP=0
# G_EXP=0
# L_EXP=0
# E_EXP=0
# ERR_EXP=0
# --------------------------------
# DUT OUTPUTS :
# RES=86
# OFLOW=0
# COUT=0
# G=0
# L=0
# E=0
# ERR=0
# --------------------------------
# STATUS : PASS
# ================================================
# 
# ================================================
# TIME = 2805
# INPUTS :
# MODE=1 CE=1 CMD=6 CIN=0 VALID=10
# OPA=85 OPB=170
# --------------------------------
# REFERENCE MODEL OUTPUTS :
# RES_EXP=86
# OFLOW_EXP=0
# COUT_EXP=0
# G_EXP=0
# L_EXP=0
# E_EXP=0
# ERR_EXP=0
# --------------------------------
# DUT OUTPUTS :
# RES=86
# OFLOW=0
# COUT=0
# G=0
# L=0
# E=0
# ERR=0
# --------------------------------
# STATUS : PASS
# ================================================
# 
# ================================================
# TIME = 2815
# INPUTS :
# MODE=1 CE=1 CMD=6 CIN=0 VALID=10
# OPA=85 OPB=170
# --------------------------------
# REFERENCE MODEL OUTPUTS :
# RES_EXP=86
# OFLOW_EXP=0
# COUT_EXP=0
# G_EXP=0
# L_EXP=0
# E_EXP=0
# ERR_EXP=0
# --------------------------------
# DUT OUTPUTS :
# RES=86
# OFLOW=0
# COUT=0
# G=0
# L=0
# E=0
# ERR=0
# --------------------------------
# STATUS : PASS
# ================================================
# 
# ================================================
# TIME = 2825
# INPUTS :
# MODE=1 CE=1 CMD=6 CIN=0 VALID=10
# OPA=85 OPB=170
# --------------------------------
# REFERENCE MODEL OUTPUTS :
# RES_EXP=171
# OFLOW_EXP=0
# COUT_EXP=0
# G_EXP=0
# L_EXP=0
# E_EXP=0
# ERR_EXP=0
# --------------------------------
# DUT OUTPUTS :
# RES=171
# OFLOW=0
# COUT=0
# G=0
# L=0
# E=0
# ERR=0
# --------------------------------
# STATUS : PASS
# ================================================
# 
# ================================================
# TIME = 2835
# INPUTS :
# MODE=1 CE=1 CMD=6 CIN=0 VALID=10
# OPA=85 OPB=170
# --------------------------------
# REFERENCE MODEL OUTPUTS :
# RES_EXP=171
# OFLOW_EXP=0
# COUT_EXP=0
# G_EXP=0
# L_EXP=0
# E_EXP=0
# ERR_EXP=0
# --------------------------------
# DUT OUTPUTS :
# RES=171
# OFLOW=0
# COUT=0
# G=0
# L=0
# E=0
# ERR=0
# --------------------------------
# STATUS : PASS
# ================================================
# 
# ================================================
# TIME = 2845
# INPUTS :
# MODE=1 CE=1 CMD=6 CIN=0 VALID=10
# OPA=85 OPB=170
# --------------------------------
# REFERENCE MODEL OUTPUTS :
# RES_EXP=171
# OFLOW_EXP=0
# COUT_EXP=0
# G_EXP=0
# L_EXP=0
# E_EXP=0
# ERR_EXP=0
# --------------------------------
# DUT OUTPUTS :
# RES=171
# OFLOW=0
# COUT=0
# G=0
# L=0
# E=0
# ERR=0
# --------------------------------
# STATUS : PASS
# ================================================
# 
# ================================================
# TIME = 2855
# INPUTS :
# MODE=1 CE=1 CMD=6 CIN=0 VALID=10
# OPA=85 OPB=170
# --------------------------------
# REFERENCE MODEL OUTPUTS :
# RES_EXP=171
# OFLOW_EXP=0
# COUT_EXP=0
# G_EXP=0
# L_EXP=0
# E_EXP=0
# ERR_EXP=0
# --------------------------------
# DUT OUTPUTS :
# RES=171
# OFLOW=0
# COUT=0
# G=0
# L=0
# E=0
# ERR=0
# --------------------------------
# STATUS : PASS
# ================================================
# 
# ================================================
# TIME = 2865
# INPUTS :
# MODE=1 CE=1 CMD=6 CIN=0 VALID=10
# OPA=85 OPB=170
# --------------------------------
# REFERENCE MODEL OUTPUTS :
# RES_EXP=171
# OFLOW_EXP=0
# COUT_EXP=0
# G_EXP=0
# L_EXP=0
# E_EXP=0
# ERR_EXP=0
# --------------------------------
# DUT OUTPUTS :
# RES=171
# OFLOW=0
# COUT=0
# G=0
# L=0
# E=0
# ERR=0
# --------------------------------
# STATUS : PASS
# ================================================
# 
# ================================================
# TIME = 2875
# INPUTS :
# MODE=1 CE=1 CMD=6 CIN=0 VALID=10
# OPA=85 OPB=170
# --------------------------------
# REFERENCE MODEL OUTPUTS :
# RES_EXP=171
# OFLOW_EXP=0
# COUT_EXP=0
# G_EXP=0
# L_EXP=0
# E_EXP=0
# ERR_EXP=0
# --------------------------------
# DUT OUTPUTS :
# RES=171
# OFLOW=0
# COUT=0
# G=0
# L=0
# E=0
# ERR=0
# --------------------------------
# STATUS : PASS
# ================================================
# 
# ================================================
# TIME = 2885
# INPUTS :
# MODE=1 CE=1 CMD=6 CIN=0 VALID=10
# OPA=85 OPB=170
# --------------------------------
# REFERENCE MODEL OUTPUTS :
# RES_EXP=171
# OFLOW_EXP=0
# COUT_EXP=0
# G_EXP=0
# L_EXP=0
# E_EXP=0
# ERR_EXP=0
# --------------------------------
# DUT OUTPUTS :
# RES=171
# OFLOW=0
# COUT=0
# G=0
# L=0
# E=0
# ERR=0
# --------------------------------
# STATUS : PASS
# ================================================
# 
# ================================================
# TIME = 2895
# INPUTS :
# MODE=1 CE=1 CMD=6 CIN=0 VALID=10
# OPA=85 OPB=170
# --------------------------------
# REFERENCE MODEL OUTPUTS :
# RES_EXP=171
# OFLOW_EXP=0
# COUT_EXP=0
# G_EXP=0
# L_EXP=0
# E_EXP=0
# ERR_EXP=0
# --------------------------------
# DUT OUTPUTS :
# RES=171
# OFLOW=0
# COUT=0
# G=0
# L=0
# E=0
# ERR=0
# --------------------------------
# STATUS : PASS
# ================================================
# 
# ================================================
# TIME = 2905
# INPUTS :
# MODE=1 CE=1 CMD=6 CIN=0 VALID=10
# OPA=85 OPB=170
# --------------------------------
# REFERENCE MODEL OUTPUTS :
# RES_EXP=171
# OFLOW_EXP=0
# COUT_EXP=0
# G_EXP=0
# L_EXP=0
# E_EXP=0
# ERR_EXP=0
# --------------------------------
# DUT OUTPUTS :
# RES=171
# OFLOW=0
# COUT=0
# G=0
# L=0
# E=0
# ERR=0
# --------------------------------
# STATUS : PASS
# ================================================
# 
# ================================================
# TIME = 2915
# INPUTS :
# MODE=1 CE=1 CMD=6 CIN=0 VALID=10
# OPA=85 OPB=170
# --------------------------------
# REFERENCE MODEL OUTPUTS :
# RES_EXP=171
# OFLOW_EXP=0
# COUT_EXP=0
# G_EXP=0
# L_EXP=0
# E_EXP=0
# ERR_EXP=0
# --------------------------------
# DUT OUTPUTS :
# RES=171
# OFLOW=0
# COUT=0
# G=0
# L=0
# E=0
# ERR=0
# --------------------------------
# STATUS : PASS
# ================================================
# 
# ================================================
# TIME = 2925
# INPUTS :
# MODE=1 CE=1 CMD=6 CIN=0 VALID=10
# OPA=85 OPB=170
# --------------------------------
# REFERENCE MODEL OUTPUTS :
# RES_EXP=171
# OFLOW_EXP=0
# COUT_EXP=0
# G_EXP=0
# L_EXP=0
# E_EXP=0
# ERR_EXP=0
# --------------------------------
# DUT OUTPUTS :
# RES=171
# OFLOW=0
# COUT=0
# G=0
# L=0
# E=0
# ERR=0
# --------------------------------
# STATUS : PASS
# ================================================
# 
# ================================================
# TIME = 2935
# INPUTS :
# MODE=1 CE=1 CMD=6 CIN=0 VALID=10
# OPA=85 OPB=170
# --------------------------------
# REFERENCE MODEL OUTPUTS :
# RES_EXP=171
# OFLOW_EXP=0
# COUT_EXP=0
# G_EXP=0
# L_EXP=0
# E_EXP=0
# ERR_EXP=0
# --------------------------------
# DUT OUTPUTS :
# RES=171
# OFLOW=0
# COUT=0
# G=0
# L=0
# E=0
# ERR=0
# --------------------------------
# STATUS : PASS
# ================================================
# 
# ================================================
# TIME = 2945
# INPUTS :
# MODE=1 CE=1 CMD=6 CIN=0 VALID=10
# OPA=85 OPB=170
# --------------------------------
# REFERENCE MODEL OUTPUTS :
# RES_EXP=171
# OFLOW_EXP=0
# COUT_EXP=0
# G_EXP=0
# L_EXP=0
# E_EXP=0
# ERR_EXP=0
# --------------------------------
# DUT OUTPUTS :
# RES=171
# OFLOW=0
# COUT=0
# G=0
# L=0
# E=0
# ERR=0
# --------------------------------
# STATUS : PASS
# ================================================
# 
# ================================================
# TIME = 2955
# INPUTS :
# MODE=1 CE=1 CMD=6 CIN=0 VALID=10
# OPA=85 OPB=170
# --------------------------------
# REFERENCE MODEL OUTPUTS :
# RES_EXP=171
# OFLOW_EXP=0
# COUT_EXP=0
# G_EXP=0
# L_EXP=0
# E_EXP=0
# ERR_EXP=0
# --------------------------------
# DUT OUTPUTS :
# RES=171
# OFLOW=0
# COUT=0
# G=0
# L=0
# E=0
# ERR=0
# --------------------------------
# STATUS : PASS
# ================================================
# 
# ================================================
# TIME = 2965
# INPUTS :
# MODE=1 CE=1 CMD=6 CIN=0 VALID=10
# OPA=85 OPB=170
# --------------------------------
# REFERENCE MODEL OUTPUTS :
# RES_EXP=171
# OFLOW_EXP=0
# COUT_EXP=0
# G_EXP=0
# L_EXP=0
# E_EXP=0
# ERR_EXP=0
# --------------------------------
# DUT OUTPUTS :
# RES=171
# OFLOW=0
# COUT=0
# G=0
# L=0
# E=0
# ERR=0
# --------------------------------
# STATUS : PASS
# ================================================
# 
# ================================================
# TIME = 2975
# INPUTS :
# MODE=1 CE=1 CMD=6 CIN=0 VALID=10
# OPA=85 OPB=170
# --------------------------------
# REFERENCE MODEL OUTPUTS :
# RES_EXP=171
# OFLOW_EXP=0
# COUT_EXP=0
# G_EXP=0
# L_EXP=0
# E_EXP=0
# ERR_EXP=0
# --------------------------------
# DUT OUTPUTS :
# RES=171
# OFLOW=0
# COUT=0
# G=0
# L=0
# E=0
# ERR=0
# --------------------------------
# STATUS : PASS
# ================================================
# 
# ================================================
# TIME = 2985
# INPUTS :
# MODE=1 CE=1 CMD=6 CIN=0 VALID=10
# OPA=85 OPB=170
# --------------------------------
# REFERENCE MODEL OUTPUTS :
# RES_EXP=171
# OFLOW_EXP=0
# COUT_EXP=0
# G_EXP=0
# L_EXP=0
# E_EXP=0
# ERR_EXP=0
# --------------------------------
# DUT OUTPUTS :
# RES=171
# OFLOW=0
# COUT=0
# G=0
# L=0
# E=0
# ERR=0
# --------------------------------
# STATUS : PASS
# ================================================
# 
# ================================================
# TIME = 2995
# INPUTS :
# MODE=1 CE=1 CMD=6 CIN=0 VALID=10
# OPA=85 OPB=170
# --------------------------------
# REFERENCE MODEL OUTPUTS :
# RES_EXP=171
# OFLOW_EXP=0
# COUT_EXP=0
# G_EXP=0
# L_EXP=0
# E_EXP=0
# ERR_EXP=0
# --------------------------------
# DUT OUTPUTS :
# RES=171
# OFLOW=0
# COUT=0
# G=0
# L=0
# E=0
# ERR=0
# --------------------------------
# STATUS : PASS
# ================================================
# 
# ================================================
# TIME = 3005
# INPUTS :
# MODE=0 CE=1 CMD=12 CIN=0 VALID=11
# OPA=170 OPB=0
# --------------------------------
# REFERENCE MODEL OUTPUTS :
# RES_EXP=171
# OFLOW_EXP=0
# COUT_EXP=0
# G_EXP=0
# L_EXP=0
# E_EXP=0
# ERR_EXP=0
# --------------------------------
# DUT OUTPUTS :
# RES=171
# OFLOW=0
# COUT=0
# G=0
# L=0
# E=0
# ERR=0
# --------------------------------
# STATUS : PASS
# ================================================
# 
# ================================================
# TIME = 3015
# INPUTS :
# MODE=0 CE=1 CMD=12 CIN=0 VALID=11
# OPA=170 OPB=0
# --------------------------------
# REFERENCE MODEL OUTPUTS :
# RES_EXP=0
# OFLOW_EXP=0
# COUT_EXP=0
# G_EXP=0
# L_EXP=0
# E_EXP=0
# ERR_EXP=1
# --------------------------------
# DUT OUTPUTS :
# RES=171
# OFLOW=0
# COUT=0
# G=0
# L=0
# E=0
# ERR=0
# --------------------------------
# STATUS : FAIL
# ================================================
# 
# ================================================
# TIME = 3025
# INPUTS :
# MODE=0 CE=1 CMD=12 CIN=0 VALID=11
# OPA=170 OPB=0
# --------------------------------
# REFERENCE MODEL OUTPUTS :
# RES_EXP=170
# OFLOW_EXP=0
# COUT_EXP=0
# G_EXP=0
# L_EXP=0
# E_EXP=0
# ERR_EXP=0
# --------------------------------
# DUT OUTPUTS :
# RES=170
# OFLOW=0
# COUT=0
# G=0
# L=0
# E=0
# ERR=0
# --------------------------------
# STATUS : PASS
# ================================================
# 
# ================================================
# TIME = 3035
# INPUTS :
# MODE=0 CE=1 CMD=12 CIN=0 VALID=11
# OPA=170 OPB=0
# --------------------------------
# REFERENCE MODEL OUTPUTS :
# RES_EXP=170
# OFLOW_EXP=0
# COUT_EXP=0
# G_EXP=0
# L_EXP=0
# E_EXP=0
# ERR_EXP=0
# --------------------------------
# DUT OUTPUTS :
# RES=170
# OFLOW=0
# COUT=0
# G=0
# L=0
# E=0
# ERR=0
# --------------------------------
# STATUS : PASS
# ================================================
# 
# ================================================
# TIME = 3045
# INPUTS :
# MODE=0 CE=1 CMD=12 CIN=0 VALID=11
# OPA=170 OPB=0
# --------------------------------
# REFERENCE MODEL OUTPUTS :
# RES_EXP=170
# OFLOW_EXP=0
# COUT_EXP=0
# G_EXP=0
# L_EXP=0
# E_EXP=0
# ERR_EXP=0
# --------------------------------
# DUT OUTPUTS :
# RES=170
# OFLOW=0
# COUT=0
# G=0
# L=0
# E=0
# ERR=0
# --------------------------------
# STATUS : PASS
# ================================================
# 
# ================================================
# TIME = 3055
# INPUTS :
# MODE=0 CE=1 CMD=12 CIN=0 VALID=11
# OPA=170 OPB=0
# --------------------------------
# REFERENCE MODEL OUTPUTS :
# RES_EXP=170
# OFLOW_EXP=0
# COUT_EXP=0
# G_EXP=0
# L_EXP=0
# E_EXP=0
# ERR_EXP=0
# --------------------------------
# DUT OUTPUTS :
# RES=170
# OFLOW=0
# COUT=0
# G=0
# L=0
# E=0
# ERR=0
# --------------------------------
# STATUS : PASS
# ================================================
# 
# ================================================
# TIME = 3065
# INPUTS :
# MODE=0 CE=1 CMD=12 CIN=0 VALID=11
# OPA=170 OPB=0
# --------------------------------
# REFERENCE MODEL OUTPUTS :
# RES_EXP=170
# OFLOW_EXP=0
# COUT_EXP=0
# G_EXP=0
# L_EXP=0
# E_EXP=0
# ERR_EXP=0
# --------------------------------
# DUT OUTPUTS :
# RES=170
# OFLOW=0
# COUT=0
# G=0
# L=0
# E=0
# ERR=0
# --------------------------------
# STATUS : PASS
# ================================================
# 
# ================================================
# TIME = 3075
# INPUTS :
# MODE=0 CE=1 CMD=12 CIN=0 VALID=11
# OPA=170 OPB=0
# --------------------------------
# REFERENCE MODEL OUTPUTS :
# RES_EXP=170
# OFLOW_EXP=0
# COUT_EXP=0
# G_EXP=0
# L_EXP=0
# E_EXP=0
# ERR_EXP=0
# --------------------------------
# DUT OUTPUTS :
# RES=170
# OFLOW=0
# COUT=0
# G=0
# L=0
# E=0
# ERR=0
# --------------------------------
# STATUS : PASS
# ================================================
# 
# ================================================
# TIME = 3085
# INPUTS :
# MODE=0 CE=1 CMD=12 CIN=0 VALID=11
# OPA=170 OPB=0
# --------------------------------
# REFERENCE MODEL OUTPUTS :
# RES_EXP=170
# OFLOW_EXP=0
# COUT_EXP=0
# G_EXP=0
# L_EXP=0
# E_EXP=0
# ERR_EXP=0
# --------------------------------
# DUT OUTPUTS :
# RES=170
# OFLOW=0
# COUT=0
# G=0
# L=0
# E=0
# ERR=0
# --------------------------------
# STATUS : PASS
# ================================================
# 
# ================================================
# TIME = 3095
# INPUTS :
# MODE=0 CE=1 CMD=12 CIN=0 VALID=11
# OPA=170 OPB=0
# --------------------------------
# REFERENCE MODEL OUTPUTS :
# RES_EXP=170
# OFLOW_EXP=0
# COUT_EXP=0
# G_EXP=0
# L_EXP=0
# E_EXP=0
# ERR_EXP=0
# --------------------------------
# DUT OUTPUTS :
# RES=170
# OFLOW=0
# COUT=0
# G=0
# L=0
# E=0
# ERR=0
# --------------------------------
# STATUS : PASS
# ================================================
# 
# ================================================
# TIME = 3105
# INPUTS :
# MODE=0 CE=1 CMD=12 CIN=0 VALID=11
# OPA=170 OPB=0
# --------------------------------
# REFERENCE MODEL OUTPUTS :
# RES_EXP=170
# OFLOW_EXP=0
# COUT_EXP=0
# G_EXP=0
# L_EXP=0
# E_EXP=0
# ERR_EXP=0
# --------------------------------
# DUT OUTPUTS :
# RES=170
# OFLOW=0
# COUT=0
# G=0
# L=0
# E=0
# ERR=0
# --------------------------------
# STATUS : PASS
# ================================================
# 
# ================================================
# TIME = 3115
# INPUTS :
# MODE=0 CE=1 CMD=12 CIN=0 VALID=11
# OPA=170 OPB=0
# --------------------------------
# REFERENCE MODEL OUTPUTS :
# RES_EXP=170
# OFLOW_EXP=0
# COUT_EXP=0
# G_EXP=0
# L_EXP=0
# E_EXP=0
# ERR_EXP=0
# --------------------------------
# DUT OUTPUTS :
# RES=170
# OFLOW=0
# COUT=0
# G=0
# L=0
# E=0
# ERR=0
# --------------------------------
# STATUS : PASS
# ================================================
# 
# ================================================
# TIME = 3125
# INPUTS :
# MODE=0 CE=1 CMD=12 CIN=0 VALID=11
# OPA=170 OPB=0
# --------------------------------
# REFERENCE MODEL OUTPUTS :
# RES_EXP=170
# OFLOW_EXP=0
# COUT_EXP=0
# G_EXP=0
# L_EXP=0
# E_EXP=0
# ERR_EXP=0
# --------------------------------
# DUT OUTPUTS :
# RES=170
# OFLOW=0
# COUT=0
# G=0
# L=0
# E=0
# ERR=0
# --------------------------------
# STATUS : PASS
# ================================================
# 
# ================================================
# TIME = 3135
# INPUTS :
# MODE=0 CE=1 CMD=12 CIN=0 VALID=11
# OPA=170 OPB=0
# --------------------------------
# REFERENCE MODEL OUTPUTS :
# RES_EXP=170
# OFLOW_EXP=0
# COUT_EXP=0
# G_EXP=0
# L_EXP=0
# E_EXP=0
# ERR_EXP=0
# --------------------------------
# DUT OUTPUTS :
# RES=170
# OFLOW=0
# COUT=0
# G=0
# L=0
# E=0
# ERR=0
# --------------------------------
# STATUS : PASS
# ================================================
# 
# ================================================
# TIME = 3145
# INPUTS :
# MODE=0 CE=1 CMD=12 CIN=0 VALID=11
# OPA=170 OPB=0
# --------------------------------
# REFERENCE MODEL OUTPUTS :
# RES_EXP=170
# OFLOW_EXP=0
# COUT_EXP=0
# G_EXP=0
# L_EXP=0
# E_EXP=0
# ERR_EXP=0
# --------------------------------
# DUT OUTPUTS :
# RES=170
# OFLOW=0
# COUT=0
# G=0
# L=0
# E=0
# ERR=0
# --------------------------------
# STATUS : PASS
# ================================================
# 
# ================================================
# TIME = 3155
# INPUTS :
# MODE=0 CE=1 CMD=12 CIN=0 VALID=11
# OPA=170 OPB=0
# --------------------------------
# REFERENCE MODEL OUTPUTS :
# RES_EXP=170
# OFLOW_EXP=0
# COUT_EXP=0
# G_EXP=0
# L_EXP=0
# E_EXP=0
# ERR_EXP=0
# --------------------------------
# DUT OUTPUTS :
# RES=170
# OFLOW=0
# COUT=0
# G=0
# L=0
# E=0
# ERR=0
# --------------------------------
# STATUS : PASS
# ================================================
# 
# ================================================
# TIME = 3165
# INPUTS :
# MODE=0 CE=1 CMD=12 CIN=0 VALID=11
# OPA=170 OPB=0
# --------------------------------
# REFERENCE MODEL OUTPUTS :
# RES_EXP=170
# OFLOW_EXP=0
# COUT_EXP=0
# G_EXP=0
# L_EXP=0
# E_EXP=0
# ERR_EXP=0
# --------------------------------
# DUT OUTPUTS :
# RES=170
# OFLOW=0
# COUT=0
# G=0
# L=0
# E=0
# ERR=0
# --------------------------------
# STATUS : PASS
# ================================================
# 
# ================================================
# TIME = 3175
# INPUTS :
# MODE=0 CE=1 CMD=12 CIN=0 VALID=11
# OPA=170 OPB=0
# --------------------------------
# REFERENCE MODEL OUTPUTS :
# RES_EXP=170
# OFLOW_EXP=0
# COUT_EXP=0
# G_EXP=0
# L_EXP=0
# E_EXP=0
# ERR_EXP=0
# --------------------------------
# DUT OUTPUTS :
# RES=170
# OFLOW=0
# COUT=0
# G=0
# L=0
# E=0
# ERR=0
# --------------------------------
# STATUS : PASS
# ================================================
# 
# ================================================
# TIME = 3185
# INPUTS :
# MODE=0 CE=1 CMD=12 CIN=0 VALID=11
# OPA=170 OPB=0
# --------------------------------
# REFERENCE MODEL OUTPUTS :
# RES_EXP=170
# OFLOW_EXP=0
# COUT_EXP=0
# G_EXP=0
# L_EXP=0
# E_EXP=0
# ERR_EXP=0
# --------------------------------
# DUT OUTPUTS :
# RES=170
# OFLOW=0
# COUT=0
# G=0
# L=0
# E=0
# ERR=0
# --------------------------------
# STATUS : PASS
# ================================================
# 
# ================================================
# TIME = 3195
# INPUTS :
# MODE=0 CE=1 CMD=12 CIN=0 VALID=11
# OPA=170 OPB=0
# --------------------------------
# REFERENCE MODEL OUTPUTS :
# RES_EXP=170
# OFLOW_EXP=0
# COUT_EXP=0
# G_EXP=0
# L_EXP=0
# E_EXP=0
# ERR_EXP=0
# --------------------------------
# DUT OUTPUTS :
# RES=170
# OFLOW=0
# COUT=0
# G=0
# L=0
# E=0
# ERR=0
# --------------------------------
# STATUS : PASS
# ================================================
# 
# ================================================
# TIME = 3205
# INPUTS :
# MODE=0 CE=1 CMD=12 CIN=0 VALID=11
# OPA=170 OPB=8
# --------------------------------
# REFERENCE MODEL OUTPUTS :
# RES_EXP=170
# OFLOW_EXP=0
# COUT_EXP=0
# G_EXP=0
# L_EXP=0
# E_EXP=0
# ERR_EXP=0
# --------------------------------
# DUT OUTPUTS :
# RES=170
# OFLOW=0
# COUT=0
# G=0
# L=0
# E=0
# ERR=0
# --------------------------------
# STATUS : PASS
# ================================================
# 
# ================================================
# TIME = 3215
# INPUTS :
# MODE=0 CE=1 CMD=12 CIN=0 VALID=11
# OPA=170 OPB=8
# --------------------------------
# REFERENCE MODEL OUTPUTS :
# RES_EXP=170
# OFLOW_EXP=0
# COUT_EXP=0
# G_EXP=0
# L_EXP=0
# E_EXP=0
# ERR_EXP=0
# --------------------------------
# DUT OUTPUTS :
# RES=170
# OFLOW=0
# COUT=0
# G=0
# L=0
# E=0
# ERR=0
# --------------------------------
# STATUS : PASS
# ================================================
# 
# ================================================
# TIME = 3225
# INPUTS :
# MODE=0 CE=1 CMD=12 CIN=0 VALID=11
# OPA=170 OPB=8
# --------------------------------
# REFERENCE MODEL OUTPUTS :
# RES_EXP=170
# OFLOW_EXP=0
# COUT_EXP=0
# G_EXP=0
# L_EXP=0
# E_EXP=0
# ERR_EXP=0
# --------------------------------
# DUT OUTPUTS :
# RES=170
# OFLOW=0
# COUT=0
# G=0
# L=0
# E=0
# ERR=0
# --------------------------------
# STATUS : PASS
# ================================================
# 
# ================================================
# TIME = 3235
# INPUTS :
# MODE=0 CE=1 CMD=12 CIN=0 VALID=11
# OPA=170 OPB=8
# --------------------------------
# REFERENCE MODEL OUTPUTS :
# RES_EXP=170
# OFLOW_EXP=0
# COUT_EXP=0
# G_EXP=0
# L_EXP=0
# E_EXP=0
# ERR_EXP=0
# --------------------------------
# DUT OUTPUTS :
# RES=170
# OFLOW=0
# COUT=0
# G=0
# L=0
# E=0
# ERR=0
# --------------------------------
# STATUS : PASS
# ================================================
# 
# ================================================
# TIME = 3245
# INPUTS :
# MODE=0 CE=1 CMD=12 CIN=0 VALID=11
# OPA=170 OPB=8
# --------------------------------
# REFERENCE MODEL OUTPUTS :
# RES_EXP=170
# OFLOW_EXP=0
# COUT_EXP=0
# G_EXP=0
# L_EXP=0
# E_EXP=0
# ERR_EXP=0
# --------------------------------
# DUT OUTPUTS :
# RES=170
# OFLOW=0
# COUT=0
# G=0
# L=0
# E=0
# ERR=0
# --------------------------------
# STATUS : PASS
# ================================================
# 
# ================================================
# TIME = 3255
# INPUTS :
# MODE=0 CE=1 CMD=12 CIN=0 VALID=11
# OPA=170 OPB=8
# --------------------------------
# REFERENCE MODEL OUTPUTS :
# RES_EXP=170
# OFLOW_EXP=0
# COUT_EXP=0
# G_EXP=0
# L_EXP=0
# E_EXP=0
# ERR_EXP=0
# --------------------------------
# DUT OUTPUTS :
# RES=170
# OFLOW=0
# COUT=0
# G=0
# L=0
# E=0
# ERR=0
# --------------------------------
# STATUS : PASS
# ================================================
# 
# ================================================
# TIME = 3265
# INPUTS :
# MODE=0 CE=1 CMD=12 CIN=0 VALID=11
# OPA=170 OPB=8
# --------------------------------
# REFERENCE MODEL OUTPUTS :
# RES_EXP=170
# OFLOW_EXP=0
# COUT_EXP=0
# G_EXP=0
# L_EXP=0
# E_EXP=0
# ERR_EXP=0
# --------------------------------
# DUT OUTPUTS :
# RES=170
# OFLOW=0
# COUT=0
# G=0
# L=0
# E=0
# ERR=0
# --------------------------------
# STATUS : PASS
# ================================================
# 
# ================================================
# TIME = 3275
# INPUTS :
# MODE=0 CE=1 CMD=12 CIN=0 VALID=11
# OPA=170 OPB=8
# --------------------------------
# REFERENCE MODEL OUTPUTS :
# RES_EXP=170
# OFLOW_EXP=0
# COUT_EXP=0
# G_EXP=0
# L_EXP=0
# E_EXP=0
# ERR_EXP=0
# --------------------------------
# DUT OUTPUTS :
# RES=170
# OFLOW=0
# COUT=0
# G=0
# L=0
# E=0
# ERR=0
# --------------------------------
# STATUS : PASS
# ================================================
# 
# ================================================
# TIME = 3285
# INPUTS :
# MODE=0 CE=1 CMD=12 CIN=0 VALID=11
# OPA=170 OPB=8
# --------------------------------
# REFERENCE MODEL OUTPUTS :
# RES_EXP=170
# OFLOW_EXP=0
# COUT_EXP=0
# G_EXP=0
# L_EXP=0
# E_EXP=0
# ERR_EXP=0
# --------------------------------
# DUT OUTPUTS :
# RES=170
# OFLOW=0
# COUT=0
# G=0
# L=0
# E=0
# ERR=0
# --------------------------------
# STATUS : PASS
# ================================================
# 
# ================================================
# TIME = 3295
# INPUTS :
# MODE=0 CE=1 CMD=12 CIN=0 VALID=11
# OPA=170 OPB=8
# --------------------------------
# REFERENCE MODEL OUTPUTS :
# RES_EXP=170
# OFLOW_EXP=0
# COUT_EXP=0
# G_EXP=0
# L_EXP=0
# E_EXP=0
# ERR_EXP=0
# --------------------------------
# DUT OUTPUTS :
# RES=170
# OFLOW=0
# COUT=0
# G=0
# L=0
# E=0
# ERR=0
# --------------------------------
# STATUS : PASS
# ================================================
# 
# ================================================
# TIME = 3305
# INPUTS :
# MODE=0 CE=1 CMD=12 CIN=0 VALID=11
# OPA=170 OPB=8
# --------------------------------
# REFERENCE MODEL OUTPUTS :
# RES_EXP=170
# OFLOW_EXP=0
# COUT_EXP=0
# G_EXP=0
# L_EXP=0
# E_EXP=0
# ERR_EXP=0
# --------------------------------
# DUT OUTPUTS :
# RES=170
# OFLOW=0
# COUT=0
# G=0
# L=0
# E=0
# ERR=0
# --------------------------------
# STATUS : PASS
# ================================================
# 
# ================================================
# TIME = 3315
# INPUTS :
# MODE=0 CE=1 CMD=12 CIN=0 VALID=11
# OPA=170 OPB=8
# --------------------------------
# REFERENCE MODEL OUTPUTS :
# RES_EXP=170
# OFLOW_EXP=0
# COUT_EXP=0
# G_EXP=0
# L_EXP=0
# E_EXP=0
# ERR_EXP=0
# --------------------------------
# DUT OUTPUTS :
# RES=170
# OFLOW=0
# COUT=0
# G=0
# L=0
# E=0
# ERR=0
# --------------------------------
# STATUS : PASS
# ================================================
# 
# ================================================
# TIME = 3325
# INPUTS :
# MODE=0 CE=1 CMD=12 CIN=0 VALID=11
# OPA=170 OPB=8
# --------------------------------
# REFERENCE MODEL OUTPUTS :
# RES_EXP=170
# OFLOW_EXP=0
# COUT_EXP=0
# G_EXP=0
# L_EXP=0
# E_EXP=0
# ERR_EXP=0
# --------------------------------
# DUT OUTPUTS :
# RES=170
# OFLOW=0
# COUT=0
# G=0
# L=0
# E=0
# ERR=0
# --------------------------------
# STATUS : PASS
# ================================================
# 
# ================================================
# TIME = 3335
# INPUTS :
# MODE=0 CE=1 CMD=12 CIN=0 VALID=11
# OPA=170 OPB=8
# --------------------------------
# REFERENCE MODEL OUTPUTS :
# RES_EXP=170
# OFLOW_EXP=0
# COUT_EXP=0
# G_EXP=0
# L_EXP=0
# E_EXP=0
# ERR_EXP=0
# --------------------------------
# DUT OUTPUTS :
# RES=170
# OFLOW=0
# COUT=0
# G=0
# L=0
# E=0
# ERR=0
# --------------------------------
# STATUS : PASS
# ================================================
# 
# ================================================
# TIME = 3345
# INPUTS :
# MODE=0 CE=1 CMD=12 CIN=0 VALID=11
# OPA=170 OPB=8
# --------------------------------
# REFERENCE MODEL OUTPUTS :
# RES_EXP=170
# OFLOW_EXP=0
# COUT_EXP=0
# G_EXP=0
# L_EXP=0
# E_EXP=0
# ERR_EXP=0
# --------------------------------
# DUT OUTPUTS :
# RES=170
# OFLOW=0
# COUT=0
# G=0
# L=0
# E=0
# ERR=0
# --------------------------------
# STATUS : PASS
# ================================================
# 
# ================================================
# TIME = 3355
# INPUTS :
# MODE=0 CE=1 CMD=12 CIN=0 VALID=11
# OPA=170 OPB=8
# --------------------------------
# REFERENCE MODEL OUTPUTS :
# RES_EXP=170
# OFLOW_EXP=0
# COUT_EXP=0
# G_EXP=0
# L_EXP=0
# E_EXP=0
# ERR_EXP=0
# --------------------------------
# DUT OUTPUTS :
# RES=170
# OFLOW=0
# COUT=0
# G=0
# L=0
# E=0
# ERR=0
# --------------------------------
# STATUS : PASS
# ================================================
# 
# ================================================
# TIME = 3365
# INPUTS :
# MODE=0 CE=1 CMD=12 CIN=0 VALID=11
# OPA=170 OPB=8
# --------------------------------
# REFERENCE MODEL OUTPUTS :
# RES_EXP=170
# OFLOW_EXP=0
# COUT_EXP=0
# G_EXP=0
# L_EXP=0
# E_EXP=0
# ERR_EXP=0
# --------------------------------
# DUT OUTPUTS :
# RES=170
# OFLOW=0
# COUT=0
# G=0
# L=0
# E=0
# ERR=0
# --------------------------------
# STATUS : PASS
# ================================================
# 
# ================================================
# TIME = 3375
# INPUTS :
# MODE=0 CE=1 CMD=12 CIN=0 VALID=11
# OPA=170 OPB=8
# --------------------------------
# REFERENCE MODEL OUTPUTS :
# RES_EXP=170
# OFLOW_EXP=0
# COUT_EXP=0
# G_EXP=0
# L_EXP=0
# E_EXP=0
# ERR_EXP=0
# --------------------------------
# DUT OUTPUTS :
# RES=170
# OFLOW=0
# COUT=0
# G=0
# L=0
# E=0
# ERR=0
# --------------------------------
# STATUS : PASS
# ================================================
# 
# ================================================
# TIME = 3385
# INPUTS :
# MODE=0 CE=1 CMD=12 CIN=0 VALID=11
# OPA=170 OPB=8
# --------------------------------
# REFERENCE MODEL OUTPUTS :
# RES_EXP=170
# OFLOW_EXP=0
# COUT_EXP=0
# G_EXP=0
# L_EXP=0
# E_EXP=0
# ERR_EXP=0
# --------------------------------
# DUT OUTPUTS :
# RES=170
# OFLOW=0
# COUT=0
# G=0
# L=0
# E=0
# ERR=0
# --------------------------------
# STATUS : PASS
# ================================================
# 
# ================================================
# TIME = 3395
# INPUTS :
# MODE=0 CE=1 CMD=12 CIN=0 VALID=11
# OPA=170 OPB=8
# --------------------------------
# REFERENCE MODEL OUTPUTS :
# RES_EXP=170
# OFLOW_EXP=0
# COUT_EXP=0
# G_EXP=0
# L_EXP=0
# E_EXP=0
# ERR_EXP=0
# --------------------------------
# DUT OUTPUTS :
# RES=170
# OFLOW=0
# COUT=0
# G=0
# L=0
# E=0
# ERR=0
# --------------------------------
# STATUS : PASS
# ================================================
# 
# ================================================
# TIME = 3405
# INPUTS :
# MODE=0 CE=1 CMD=0 CIN=0 VALID=11
# OPA=170 OPB=8
# --------------------------------
# REFERENCE MODEL OUTPUTS :
# RES_EXP=170
# OFLOW_EXP=0
# COUT_EXP=0
# G_EXP=0
# L_EXP=0
# E_EXP=0
# ERR_EXP=0
# --------------------------------
# DUT OUTPUTS :
# RES=170
# OFLOW=0
# COUT=0
# G=0
# L=0
# E=0
# ERR=0
# --------------------------------
# STATUS : PASS
# ================================================
# 
# ================================================
# TIME = 3415
# INPUTS :
# MODE=0 CE=1 CMD=15 CIN=0 VALID=11
# OPA=170 OPB=8
# --------------------------------
# REFERENCE MODEL OUTPUTS :
# RES_EXP=170
# OFLOW_EXP=0
# COUT_EXP=0
# G_EXP=0
# L_EXP=0
# E_EXP=0
# ERR_EXP=0
# --------------------------------
# DUT OUTPUTS :
# RES=170
# OFLOW=0
# COUT=0
# G=0
# L=0
# E=0
# ERR=0
# --------------------------------
# STATUS : PASS
# ================================================
# 
# ================================================
# TIME = 3425
# INPUTS :
# MODE=0 CE=1 CMD=15 CIN=0 VALID=01
# OPA=170 OPB=8
# --------------------------------
# REFERENCE MODEL OUTPUTS :
# RES_EXP=8
# OFLOW_EXP=0
# COUT_EXP=0
# G_EXP=0
# L_EXP=0
# E_EXP=0
# ERR_EXP=0
# --------------------------------
# DUT OUTPUTS :
# RES=8
# OFLOW=0
# COUT=0
# G=0
# L=0
# E=0
# ERR=0
# --------------------------------
# STATUS : PASS
# ================================================
# 
# ================================================
# TIME = 3435
# INPUTS :
# MODE=0 CE=1 CMD=15 CIN=0 VALID=10
# OPA=170 OPB=8
# --------------------------------
# REFERENCE MODEL OUTPUTS :
# RES_EXP=0
# OFLOW_EXP=0
# COUT_EXP=0
# G_EXP=0
# L_EXP=0
# E_EXP=0
# ERR_EXP=1
# --------------------------------
# DUT OUTPUTS :
# RES=0
# OFLOW=0
# COUT=0
# G=0
# L=0
# E=0
# ERR=1
# --------------------------------
# STATUS : PASS
# ================================================
# 
# ================================================
# TIME = 3445
# INPUTS :
# MODE=1 CE=1 CMD=0 CIN=0 VALID=10
# OPA=170 OPB=8
# --------------------------------
# REFERENCE MODEL OUTPUTS :
# RES_EXP=0
# OFLOW_EXP=0
# COUT_EXP=0
# G_EXP=0
# L_EXP=0
# E_EXP=0
# ERR_EXP=1
# --------------------------------
# DUT OUTPUTS :
# RES=0
# OFLOW=0
# COUT=0
# G=0
# L=0
# E=0
# ERR=1
# --------------------------------
# STATUS : PASS
# ================================================
# 
# ================================================
# TIME = 3455
# INPUTS :
# MODE=1 CE=0 CMD=0 CIN=0 VALID=10
# OPA=173 OPB=148
# --------------------------------
# REFERENCE MODEL OUTPUTS :
# RES_EXP=0
# OFLOW_EXP=0
# COUT_EXP=0
# G_EXP=0
# L_EXP=0
# E_EXP=0
# ERR_EXP=1
# --------------------------------
# DUT OUTPUTS :
# RES=0
# OFLOW=0
# COUT=0
# G=0
# L=0
# E=0
# ERR=1
# --------------------------------
# STATUS : PASS
# ================================================
# 
# ================================================
# TIME = 3465
# INPUTS :
# MODE=1 CE=0 CMD=1 CIN=0 VALID=10
# OPA=53 OPB=146
# --------------------------------
# REFERENCE MODEL OUTPUTS :
# RES_EXP=0
# OFLOW_EXP=0
# COUT_EXP=0
# G_EXP=0
# L_EXP=0
# E_EXP=0
# ERR_EXP=1
# --------------------------------
# DUT OUTPUTS :
# RES=0
# OFLOW=0
# COUT=0
# G=0
# L=0
# E=0
# ERR=1
# --------------------------------
# STATUS : PASS
# ================================================
# 
# ================================================
# TIME = 3475
# INPUTS :
# MODE=1 CE=0 CMD=2 CIN=0 VALID=11
# OPA=113 OPB=236
# --------------------------------
# REFERENCE MODEL OUTPUTS :
# RES_EXP=0
# OFLOW_EXP=0
# COUT_EXP=0
# G_EXP=0
# L_EXP=0
# E_EXP=0
# ERR_EXP=1
# --------------------------------
# DUT OUTPUTS :
# RES=0
# OFLOW=0
# COUT=0
# G=0
# L=0
# E=0
# ERR=1
# --------------------------------
# STATUS : PASS
# ================================================
# 
# ================================================
# TIME = 3485
# INPUTS :
# MODE=1 CE=0 CMD=3 CIN=0 VALID=00
# OPA=160 OPB=202
# --------------------------------
# REFERENCE MODEL OUTPUTS :
# RES_EXP=0
# OFLOW_EXP=0
# COUT_EXP=0
# G_EXP=0
# L_EXP=0
# E_EXP=0
# ERR_EXP=1
# --------------------------------
# DUT OUTPUTS :
# RES=0
# OFLOW=0
# COUT=0
# G=0
# L=0
# E=0
# ERR=1
# --------------------------------
# STATUS : PASS
# ================================================
# 
# ================================================
# TIME = 3495
# INPUTS :
# MODE=1 CE=0 CMD=4 CIN=0 VALID=00
# OPA=101 OPB=178
# --------------------------------
# REFERENCE MODEL OUTPUTS :
# RES_EXP=0
# OFLOW_EXP=0
# COUT_EXP=0
# G_EXP=0
# L_EXP=0
# E_EXP=0
# ERR_EXP=1
# --------------------------------
# DUT OUTPUTS :
# RES=0
# OFLOW=0
# COUT=0
# G=0
# L=0
# E=0
# ERR=1
# --------------------------------
# STATUS : PASS
# ================================================
# 
# ================================================
# TIME = 3505
# INPUTS :
# MODE=1 CE=0 CMD=5 CIN=1 VALID=11
# OPA=28 OPB=252
# --------------------------------
# REFERENCE MODEL OUTPUTS :
# RES_EXP=0
# OFLOW_EXP=0
# COUT_EXP=0
# G_EXP=0
# L_EXP=0
# E_EXP=0
# ERR_EXP=1
# --------------------------------
# DUT OUTPUTS :
# RES=0
# OFLOW=0
# COUT=0
# G=0
# L=0
# E=0
# ERR=1
# --------------------------------
# STATUS : PASS
# ================================================
# 
# ================================================
# TIME = 3515
# INPUTS :
# MODE=1 CE=0 CMD=6 CIN=0 VALID=10
# OPA=97 OPB=162
# --------------------------------
# REFERENCE MODEL OUTPUTS :
# RES_EXP=0
# OFLOW_EXP=0
# COUT_EXP=0
# G_EXP=0
# L_EXP=0
# E_EXP=0
# ERR_EXP=1
# --------------------------------
# DUT OUTPUTS :
# RES=0
# OFLOW=0
# COUT=0
# G=0
# L=0
# E=0
# ERR=1
# --------------------------------
# STATUS : PASS
# ================================================
# 
# ================================================
# TIME = 3525
# INPUTS :
# MODE=1 CE=0 CMD=7 CIN=1 VALID=01
# OPA=213 OPB=73
# --------------------------------
# REFERENCE MODEL OUTPUTS :
# RES_EXP=0
# OFLOW_EXP=0
# COUT_EXP=0
# G_EXP=0
# L_EXP=0
# E_EXP=0
# ERR_EXP=1
# --------------------------------
# DUT OUTPUTS :
# RES=0
# OFLOW=0
# COUT=0
# G=0
# L=0
# E=0
# ERR=1
# --------------------------------
# STATUS : PASS
# ================================================
# 
# ================================================
# TIME = 3535
# INPUTS :
# MODE=1 CE=0 CMD=8 CIN=1 VALID=01
# OPA=69 OPB=201
# --------------------------------
# REFERENCE MODEL OUTPUTS :
# RES_EXP=0
# OFLOW_EXP=0
# COUT_EXP=0
# G_EXP=0
# L_EXP=0
# E_EXP=0
# ERR_EXP=1
# --------------------------------
# DUT OUTPUTS :
# RES=0
# OFLOW=0
# COUT=0
# G=0
# L=0
# E=0
# ERR=1
# --------------------------------
# STATUS : PASS
# ================================================
# 
# ================================================
# TIME = 3545
# INPUTS :
# MODE=1 CE=1 CMD=9 CIN=1 VALID=01
# OPA=137 OPB=201
# --------------------------------
# REFERENCE MODEL OUTPUTS :
# RES_EXP=0
# OFLOW_EXP=0
# COUT_EXP=0
# G_EXP=0
# L_EXP=0
# E_EXP=0
# ERR_EXP=1
# --------------------------------
# DUT OUTPUTS :
# RES=0
# OFLOW=0
# COUT=0
# G=0
# L=0
# E=0
# ERR=1
# --------------------------------
# STATUS : PASS
# ================================================
# 
# ================================================
# TIME = 3555
# INPUTS :
# MODE=1 CE=0 CMD=10 CIN=1 VALID=11
# OPA=74 OPB=185
# --------------------------------
# REFERENCE MODEL OUTPUTS :
# RES_EXP=0
# OFLOW_EXP=0
# COUT_EXP=0
# G_EXP=0
# L_EXP=0
# E_EXP=0
# ERR_EXP=1
# --------------------------------
# DUT OUTPUTS :
# RES=0
# OFLOW=0
# COUT=0
# G=0
# L=0
# E=0
# ERR=1
# --------------------------------
# STATUS : PASS
# ================================================
# 
# ================================================
# TIME = 3565
# INPUTS :
# MODE=1 CE=1 CMD=11 CIN=0 VALID=10
# OPA=247 OPB=154
# --------------------------------
# REFERENCE MODEL OUTPUTS :
# RES_EXP=0
# OFLOW_EXP=0
# COUT_EXP=0
# G_EXP=0
# L_EXP=0
# E_EXP=0
# ERR_EXP=1
# --------------------------------
# DUT OUTPUTS :
# RES=0
# OFLOW=0
# COUT=0
# G=0
# L=0
# E=0
# ERR=1
# --------------------------------
# STATUS : PASS
# ================================================
# 
# ================================================
# TIME = 3575
# INPUTS :
# MODE=1 CE=1 CMD=12 CIN=1 VALID=01
# OPA=85 OPB=140
# --------------------------------
# REFERENCE MODEL OUTPUTS :
# RES_EXP=0
# OFLOW_EXP=0
# COUT_EXP=0
# G_EXP=0
# L_EXP=0
# E_EXP=0
# ERR_EXP=1
# --------------------------------
# DUT OUTPUTS :
# RES=0
# OFLOW=0
# COUT=0
# G=0
# L=0
# E=0
# ERR=1
# --------------------------------
# STATUS : PASS
# ================================================
# 
# ================================================
# TIME = 3585
# INPUTS :
# MODE=0 CE=1 CMD=0 CIN=0 VALID=01
# OPA=189 OPB=81
# --------------------------------
# REFERENCE MODEL OUTPUTS :
# RES_EXP=0
# OFLOW_EXP=0
# COUT_EXP=0
# G_EXP=0
# L_EXP=0
# E_EXP=0
# ERR_EXP=1
# --------------------------------
# DUT OUTPUTS :
# RES=0
# OFLOW=0
# COUT=0
# G=0
# L=0
# E=0
# ERR=1
# --------------------------------
# STATUS : PASS
# ================================================
# 
# ================================================
# TIME = 3595
# INPUTS :
# MODE=0 CE=1 CMD=1 CIN=0 VALID=10
# OPA=219 OPB=234
# --------------------------------
# REFERENCE MODEL OUTPUTS :
# RES_EXP=0
# OFLOW_EXP=0
# COUT_EXP=0
# G_EXP=0
# L_EXP=0
# E_EXP=0
# ERR_EXP=1
# --------------------------------
# DUT OUTPUTS :
# RES=0
# OFLOW=0
# COUT=0
# G=0
# L=0
# E=0
# ERR=1
# --------------------------------
# STATUS : PASS
# ================================================
# 
# ================================================
# TIME = 3605
# INPUTS :
# MODE=0 CE=0 CMD=2 CIN=0 VALID=01
# OPA=114 OPB=98
# --------------------------------
# REFERENCE MODEL OUTPUTS :
# RES_EXP=0
# OFLOW_EXP=0
# COUT_EXP=0
# G_EXP=0
# L_EXP=0
# E_EXP=0
# ERR_EXP=1
# --------------------------------
# DUT OUTPUTS :
# RES=0
# OFLOW=0
# COUT=0
# G=0
# L=0
# E=0
# ERR=1
# --------------------------------
# STATUS : PASS
# ================================================
# 
# ================================================
# TIME = 3615
# INPUTS :
# MODE=0 CE=1 CMD=3 CIN=0 VALID=11
# OPA=76 OPB=185
# --------------------------------
# REFERENCE MODEL OUTPUTS :
# RES_EXP=0
# OFLOW_EXP=0
# COUT_EXP=0
# G_EXP=0
# L_EXP=0
# E_EXP=0
# ERR_EXP=1
# --------------------------------
# DUT OUTPUTS :
# RES=0
# OFLOW=0
# COUT=0
# G=0
# L=0
# E=0
# ERR=1
# --------------------------------
# STATUS : PASS
# ================================================
# 
# ================================================
# TIME = 3625
# INPUTS :
# MODE=0 CE=1 CMD=4 CIN=0 VALID=00
# OPA=161 OPB=194
# --------------------------------
# REFERENCE MODEL OUTPUTS :
# RES_EXP=0
# OFLOW_EXP=0
# COUT_EXP=0
# G_EXP=0
# L_EXP=0
# E_EXP=0
# ERR_EXP=1
# --------------------------------
# DUT OUTPUTS :
# RES=0
# OFLOW=0
# COUT=0
# G=0
# L=0
# E=0
# ERR=1
# --------------------------------
# STATUS : PASS
# ================================================
# 
# ================================================
# TIME = 3635
# INPUTS :
# MODE=0 CE=1 CMD=5 CIN=0 VALID=11
# OPA=241 OPB=234
# --------------------------------
# REFERENCE MODEL OUTPUTS :
# RES_EXP=65282
# OFLOW_EXP=0
# COUT_EXP=0
# G_EXP=0
# L_EXP=0
# E_EXP=0
# ERR_EXP=0
# --------------------------------
# DUT OUTPUTS :
# RES=65282
# OFLOW=0
# COUT=0
# G=0
# L=0
# E=0
# ERR=0
# --------------------------------
# STATUS : PASS
# ================================================
# 
# ================================================
# TIME = 3645
# INPUTS :
# MODE=0 CE=1 CMD=6 CIN=0 VALID=01
# OPA=140 OPB=238
# --------------------------------
# REFERENCE MODEL OUTPUTS :
# RES_EXP=0
# OFLOW_EXP=0
# COUT_EXP=0
# G_EXP=0
# L_EXP=0
# E_EXP=0
# ERR_EXP=1
# --------------------------------
# DUT OUTPUTS :
# RES=0
# OFLOW=0
# COUT=0
# G=0
# L=0
# E=0
# ERR=1
# --------------------------------
# STATUS : PASS
# ================================================
# 
# ================================================
# TIME = 3655
# INPUTS :
# MODE=0 CE=0 CMD=7 CIN=0 VALID=00
# OPA=76 OPB=4
# --------------------------------
# REFERENCE MODEL OUTPUTS :
# RES_EXP=65508
# OFLOW_EXP=0
# COUT_EXP=0
# G_EXP=0
# L_EXP=0
# E_EXP=0
# ERR_EXP=0
# --------------------------------
# DUT OUTPUTS :
# RES=65508
# OFLOW=0
# COUT=0
# G=0
# L=0
# E=0
# ERR=0
# --------------------------------
# STATUS : PASS
# ================================================
# 
# ================================================
# TIME = 3665
# INPUTS :
# MODE=0 CE=1 CMD=8 CIN=1 VALID=01
# OPA=126 OPB=251
# --------------------------------
# REFERENCE MODEL OUTPUTS :
# RES_EXP=65508
# OFLOW_EXP=0
# COUT_EXP=0
# G_EXP=0
# L_EXP=0
# E_EXP=0
# ERR_EXP=0
# --------------------------------
# DUT OUTPUTS :
# RES=65395
# OFLOW=0
# COUT=0
# G=0
# L=0
# E=0
# ERR=0
# --------------------------------
# STATUS : FAIL
# ================================================
# 
# ================================================
# TIME = 3675
# INPUTS :
# MODE=0 CE=1 CMD=9 CIN=0 VALID=00
# OPA=17 OPB=65
# --------------------------------
# REFERENCE MODEL OUTPUTS :
# RES_EXP=65395
# OFLOW_EXP=0
# COUT_EXP=0
# G_EXP=0
# L_EXP=0
# E_EXP=0
# ERR_EXP=0
# --------------------------------
# DUT OUTPUTS :
# RES=65395
# OFLOW=0
# COUT=0
# G=0
# L=0
# E=0
# ERR=0
# --------------------------------
# STATUS : PASS
# ================================================
# 
# ================================================
# TIME = 3685
# INPUTS :
# MODE=0 CE=0 CMD=10 CIN=1 VALID=01
# OPA=158 OPB=78
# --------------------------------
# REFERENCE MODEL OUTPUTS :
# RES_EXP=63
# OFLOW_EXP=0
# COUT_EXP=0
# G_EXP=0
# L_EXP=0
# E_EXP=0
# ERR_EXP=0
# --------------------------------
# DUT OUTPUTS :
# RES=63
# OFLOW=0
# COUT=0
# G=0
# L=0
# E=0
# ERR=0
# --------------------------------
# STATUS : PASS
# ================================================
# 
# ================================================
# TIME = 3695
# INPUTS :
# MODE=0 CE=1 CMD=11 CIN=1 VALID=00
# OPA=168 OPB=86
# --------------------------------
# REFERENCE MODEL OUTPUTS :
# RES_EXP=63
# OFLOW_EXP=0
# COUT_EXP=0
# G_EXP=0
# L_EXP=0
# E_EXP=0
# ERR_EXP=0
# --------------------------------
# DUT OUTPUTS :
# RES=0
# OFLOW=0
# COUT=0
# G=0
# L=0
# E=0
# ERR=1
# --------------------------------
# STATUS : FAIL
# ================================================
# 
# ================================================
# TIME = 3705
# INPUTS :
# MODE=0 CE=1 CMD=12 CIN=0 VALID=10
# OPA=129 OPB=83
# --------------------------------
# REFERENCE MODEL OUTPUTS :
# RES_EXP=0
# OFLOW_EXP=0
# COUT_EXP=0
# G_EXP=0
# L_EXP=0
# E_EXP=0
# ERR_EXP=1
# --------------------------------
# DUT OUTPUTS :
# RES=0
# OFLOW=0
# COUT=0
# G=0
# L=0
# E=0
# ERR=1
# --------------------------------
# STATUS : PASS
# ================================================
# 
# ================================================
# TIME = 3715
# INPUTS :
# MODE=0 CE=1 CMD=13 CIN=0 VALID=11
# OPA=161 OPB=204
# --------------------------------
# REFERENCE MODEL OUTPUTS :
# RES_EXP=0
# OFLOW_EXP=0
# COUT_EXP=0
# G_EXP=0
# L_EXP=0
# E_EXP=0
# ERR_EXP=1
# --------------------------------
# DUT OUTPUTS :
# RES=0
# OFLOW=0
# COUT=0
# G=0
# L=0
# E=0
# ERR=1
# --------------------------------
# STATUS : PASS
# ================================================
# 
# ================================================
# TIME = 3725
# INPUTS :
# MODE=1 CE=1 CMD=0 CIN=0 VALID=11
# OPA=255 OPB=1
# --------------------------------
# REFERENCE MODEL OUTPUTS :
# RES_EXP=0
# OFLOW_EXP=0
# COUT_EXP=0
# G_EXP=0
# L_EXP=0
# E_EXP=0
# ERR_EXP=1
# --------------------------------
# DUT OUTPUTS :
# RES=0
# OFLOW=0
# COUT=0
# G=0
# L=0
# E=0
# ERR=1
# --------------------------------
# STATUS : PASS
# ================================================
# 
# ================================================
# TIME = 3735
# INPUTS :
# MODE=1 CE=1 CMD=0 CIN=0 VALID=11
# OPA=127 OPB=1
# --------------------------------
# REFERENCE MODEL OUTPUTS :
# RES_EXP=0
# OFLOW_EXP=0
# COUT_EXP=0
# G_EXP=0
# L_EXP=0
# E_EXP=0
# ERR_EXP=1
# --------------------------------
# DUT OUTPUTS :
# RES=26
# OFLOW=0
# COUT=0
# G=0
# L=0
# E=0
# ERR=1
# --------------------------------
# STATUS : FAIL
# ================================================
# 
# ================================================
# TIME = 3745
# INPUTS :
# MODE=1 CE=1 CMD=0 CIN=0 VALID=11
# OPA=128 OPB=128
# --------------------------------
# REFERENCE MODEL OUTPUTS :
# RES_EXP=0
# OFLOW_EXP=0
# COUT_EXP=1
# G_EXP=0
# L_EXP=0
# E_EXP=0
# ERR_EXP=0
# --------------------------------
# DUT OUTPUTS :
# RES=256
# OFLOW=0
# COUT=1
# G=0
# L=0
# E=0
# ERR=0
# --------------------------------
# STATUS : FAIL
# ================================================
# 
# ================================================
# TIME = 3755
# INPUTS :
# MODE=1 CE=1 CMD=0 CIN=0 VALID=11
# OPA=0 OPB=0
# --------------------------------
# REFERENCE MODEL OUTPUTS :
# RES_EXP=128
# OFLOW_EXP=0
# COUT_EXP=0
# G_EXP=0
# L_EXP=0
# E_EXP=0
# ERR_EXP=0
# --------------------------------
# DUT OUTPUTS :
# RES=128
# OFLOW=0
# COUT=0
# G=0
# L=0
# E=0
# ERR=0
# --------------------------------
# STATUS : PASS
# ================================================
# 
# ================================================
# TIME = 3765
# INPUTS :
# MODE=1 CE=1 CMD=1 CIN=0 VALID=11
# OPA=0 OPB=1
# --------------------------------
# REFERENCE MODEL OUTPUTS :
# RES_EXP=0
# OFLOW_EXP=0
# COUT_EXP=1
# G_EXP=0
# L_EXP=0
# E_EXP=0
# ERR_EXP=0
# --------------------------------
# DUT OUTPUTS :
# RES=256
# OFLOW=0
# COUT=1
# G=0
# L=0
# E=0
# ERR=0
# --------------------------------
# STATUS : FAIL
# ================================================
# 
# ================================================
# TIME = 3775
# INPUTS :
# MODE=1 CE=1 CMD=1 CIN=0 VALID=11
# OPA=128 OPB=1
# --------------------------------
# REFERENCE MODEL OUTPUTS :
# RES_EXP=0
# OFLOW_EXP=0
# COUT_EXP=0
# G_EXP=0
# L_EXP=0
# E_EXP=0
# ERR_EXP=0
# --------------------------------
# DUT OUTPUTS :
# RES=0
# OFLOW=0
# COUT=0
# G=0
# L=0
# E=0
# ERR=0
# --------------------------------
# STATUS : PASS
# ================================================
# 
# ================================================
# TIME = 3785
# INPUTS :
# MODE=1 CE=1 CMD=1 CIN=0 VALID=11
# OPA=127 OPB=255
# --------------------------------
# REFERENCE MODEL OUTPUTS :
# RES_EXP=255
# OFLOW_EXP=0
# COUT_EXP=0
# G_EXP=0
# L_EXP=0
# E_EXP=0
# ERR_EXP=0
# --------------------------------
# DUT OUTPUTS :
# RES=65535
# OFLOW=0
# COUT=0
# G=0
# L=0
# E=0
# ERR=0
# --------------------------------
# STATUS : FAIL
# ================================================
# 
# ================================================
# TIME = 3795
# INPUTS :
# MODE=1 CE=1 CMD=0 CIN=0 VALID=11
# OPA=127 OPB=255
# --------------------------------
# REFERENCE MODEL OUTPUTS :
# RES_EXP=127
# OFLOW_EXP=0
# COUT_EXP=0
# G_EXP=0
# L_EXP=0
# E_EXP=0
# ERR_EXP=0
# --------------------------------
# DUT OUTPUTS :
# RES=127
# OFLOW=0
# COUT=0
# G=0
# L=0
# E=0
# ERR=0
# --------------------------------
# STATUS : PASS
# ================================================
# 
# ================================================
# TIME = 3805
# INPUTS :
# MODE=1 CE=1 CMD=0 CIN=0 VALID=11
# OPA=1 OPB=254
# --------------------------------
# REFERENCE MODEL OUTPUTS :
# RES_EXP=128
# OFLOW_EXP=0
# COUT_EXP=0
# G_EXP=0
# L_EXP=0
# E_EXP=0
# ERR_EXP=0
# --------------------------------
# DUT OUTPUTS :
# RES=65408
# OFLOW=0
# COUT=0
# G=0
# L=0
# E=0
# ERR=0
# --------------------------------
# STATUS : FAIL
# ================================================
# 
# ================================================
# TIME = 3815
# INPUTS :
# MODE=1 CE=1 CMD=0 CIN=0 VALID=11
# OPA=2 OPB=253
# --------------------------------
# REFERENCE MODEL OUTPUTS :
# RES_EXP=126
# OFLOW_EXP=0
# COUT_EXP=1
# G_EXP=0
# L_EXP=0
# E_EXP=0
# ERR_EXP=0
# --------------------------------
# DUT OUTPUTS :
# RES=382
# OFLOW=0
# COUT=1
# G=0
# L=0
# E=0
# ERR=0
# --------------------------------
# STATUS : FAIL
# ================================================
# 
# ================================================
# TIME = 3825
# INPUTS :
# MODE=1 CE=1 CMD=0 CIN=0 VALID=11
# OPA=4 OPB=251
# --------------------------------
# REFERENCE MODEL OUTPUTS :
# RES_EXP=255
# OFLOW_EXP=0
# COUT_EXP=0
# G_EXP=0
# L_EXP=0
# E_EXP=0
# ERR_EXP=0
# --------------------------------
# DUT OUTPUTS :
# RES=255
# OFLOW=0
# COUT=0
# G=0
# L=0
# E=0
# ERR=0
# --------------------------------
# STATUS : PASS
# ================================================
# 
# ================================================
# TIME = 3835
# INPUTS :
# MODE=1 CE=1 CMD=0 CIN=0 VALID=11
# OPA=8 OPB=247
# --------------------------------
# REFERENCE MODEL OUTPUTS :
# RES_EXP=255
# OFLOW_EXP=0
# COUT_EXP=0
# G_EXP=0
# L_EXP=0
# E_EXP=0
# ERR_EXP=0
# --------------------------------
# DUT OUTPUTS :
# RES=255
# OFLOW=0
# COUT=0
# G=0
# L=0
# E=0
# ERR=0
# --------------------------------
# STATUS : PASS
# ================================================
# 
# ================================================
# TIME = 3845
# INPUTS :
# MODE=1 CE=1 CMD=0 CIN=0 VALID=11
# OPA=16 OPB=239
# --------------------------------
# REFERENCE MODEL OUTPUTS :
# RES_EXP=255
# OFLOW_EXP=0
# COUT_EXP=0
# G_EXP=0
# L_EXP=0
# E_EXP=0
# ERR_EXP=0
# --------------------------------
# DUT OUTPUTS :
# RES=255
# OFLOW=0
# COUT=0
# G=0
# L=0
# E=0
# ERR=0
# --------------------------------
# STATUS : PASS
# ================================================
# 
# ================================================
# TIME = 3855
# INPUTS :
# MODE=1 CE=1 CMD=0 CIN=0 VALID=11
# OPA=32 OPB=223
# --------------------------------
# REFERENCE MODEL OUTPUTS :
# RES_EXP=255
# OFLOW_EXP=0
# COUT_EXP=0
# G_EXP=0
# L_EXP=0
# E_EXP=0
# ERR_EXP=0
# --------------------------------
# DUT OUTPUTS :
# RES=255
# OFLOW=0
# COUT=0
# G=0
# L=0
# E=0
# ERR=0
# --------------------------------
# STATUS : PASS
# ================================================
# 
# ================================================
# TIME = 3865
# INPUTS :
# MODE=1 CE=1 CMD=0 CIN=0 VALID=11
# OPA=64 OPB=191
# --------------------------------
# REFERENCE MODEL OUTPUTS :
# RES_EXP=255
# OFLOW_EXP=0
# COUT_EXP=0
# G_EXP=0
# L_EXP=0
# E_EXP=0
# ERR_EXP=0
# --------------------------------
# DUT OUTPUTS :
# RES=255
# OFLOW=0
# COUT=0
# G=0
# L=0
# E=0
# ERR=0
# --------------------------------
# STATUS : PASS
# ================================================
# 
# ================================================
# TIME = 3875
# INPUTS :
# MODE=1 CE=1 CMD=0 CIN=0 VALID=11
# OPA=128 OPB=127
# --------------------------------
# REFERENCE MODEL OUTPUTS :
# RES_EXP=255
# OFLOW_EXP=0
# COUT_EXP=0
# G_EXP=0
# L_EXP=0
# E_EXP=0
# ERR_EXP=0
# --------------------------------
# DUT OUTPUTS :
# RES=255
# OFLOW=0
# COUT=0
# G=0
# L=0
# E=0
# ERR=0
# --------------------------------
# STATUS : PASS
# ================================================
# 
# ================================================
# TIME = 3885
# INPUTS :
# MODE=1 CE=1 CMD=14 CIN=0 VALID=11
# OPA=128 OPB=127
# --------------------------------
# REFERENCE MODEL OUTPUTS :
# RES_EXP=255
# OFLOW_EXP=0
# COUT_EXP=0
# G_EXP=0
# L_EXP=0
# E_EXP=0
# ERR_EXP=0
# --------------------------------
# DUT OUTPUTS :
# RES=255
# OFLOW=0
# COUT=0
# G=0
# L=0
# E=0
# ERR=0
# --------------------------------
# STATUS : PASS
# ================================================
# 
# ================================================
# TIME = 3895
# INPUTS :
# MODE=1 CE=1 CMD=15 CIN=0 VALID=11
# OPA=128 OPB=127
# --------------------------------
# REFERENCE MODEL OUTPUTS :
# RES_EXP=255
# OFLOW_EXP=0
# COUT_EXP=0
# G_EXP=0
# L_EXP=0
# E_EXP=0
# ERR_EXP=0
# --------------------------------
# DUT OUTPUTS :
# RES=255
# OFLOW=0
# COUT=0
# G=0
# L=0
# E=0
# ERR=0
# --------------------------------
# STATUS : PASS
# ================================================
# 
# ================================================
# TIME = 3905
# INPUTS :
# MODE=1 CE=1 CMD=0 CIN=0 VALID=01
# OPA=128 OPB=127
# --------------------------------
# REFERENCE MODEL OUTPUTS :
# RES_EXP=0
# OFLOW_EXP=0
# COUT_EXP=0
# G_EXP=0
# L_EXP=0
# E_EXP=0
# ERR_EXP=1
# --------------------------------
# DUT OUTPUTS :
# RES=0
# OFLOW=0
# COUT=0
# G=0
# L=0
# E=0
# ERR=0
# --------------------------------
# STATUS : FAIL
# ================================================
# 
# ================================================
# TIME = 3915
# INPUTS :
# MODE=1 CE=1 CMD=0 CIN=0 VALID=10
# OPA=128 OPB=127
# --------------------------------
# REFERENCE MODEL OUTPUTS :
# RES_EXP=0
# OFLOW_EXP=0
# COUT_EXP=0
# G_EXP=0
# L_EXP=0
# E_EXP=0
# ERR_EXP=1
# --------------------------------
# DUT OUTPUTS :
# RES=0
# OFLOW=0
# COUT=0
# G=0
# L=0
# E=0
# ERR=0
# --------------------------------
# STATUS : FAIL
# ================================================
# 
# ================================================
# TIME = 3925
# INPUTS :
# MODE=0 CE=1 CMD=14 CIN=0 VALID=11
# OPA=128 OPB=127
# --------------------------------
# REFERENCE MODEL OUTPUTS :
# RES_EXP=0
# OFLOW_EXP=0
# COUT_EXP=0
# G_EXP=0
# L_EXP=0
# E_EXP=0
# ERR_EXP=1
# --------------------------------
# DUT OUTPUTS :
# RES=0
# OFLOW=0
# COUT=0
# G=0
# L=0
# E=0
# ERR=1
# --------------------------------
# STATUS : PASS
# ================================================
# 
# ================================================
# TIME = 3935
# INPUTS :
# MODE=1 CE=1 CMD=11 CIN=0 VALID=11
# OPA=127 OPB=1
# --------------------------------
# REFERENCE MODEL OUTPUTS :
# RES_EXP=0
# OFLOW_EXP=0
# COUT_EXP=0
# G_EXP=0
# L_EXP=0
# E_EXP=0
# ERR_EXP=1
# --------------------------------
# DUT OUTPUTS :
# RES=0
# OFLOW=0
# COUT=0
# G=0
# L=0
# E=0
# ERR=1
# --------------------------------
# STATUS : PASS
# ================================================
# 
# ================================================
# TIME = 3945
# INPUTS :
# MODE=1 CE=1 CMD=11 CIN=0 VALID=11
# OPA=128 OPB=255
# --------------------------------
# REFERENCE MODEL OUTPUTS :
# RES_EXP=0
# OFLOW_EXP=0
# COUT_EXP=0
# G_EXP=0
# L_EXP=0
# E_EXP=0
# ERR_EXP=1
# --------------------------------
# DUT OUTPUTS :
# RES=0
# OFLOW=0
# COUT=0
# G=0
# L=0
# E=0
# ERR=1
# --------------------------------
# STATUS : PASS
# ================================================
# 
# ================================================
# TIME = 3955
# INPUTS :
# MODE=1 CE=1 CMD=12 CIN=0 VALID=11
# OPA=127 OPB=255
# --------------------------------
# REFERENCE MODEL OUTPUTS :
# RES_EXP=128
# OFLOW_EXP=1
# COUT_EXP=0
# G_EXP=1
# L_EXP=0
# E_EXP=0
# ERR_EXP=0
# --------------------------------
# DUT OUTPUTS :
# RES=128
# OFLOW=1
# COUT=0
# G=1
# L=0
# E=0
# ERR=0
# --------------------------------
# STATUS : PASS
# ================================================
# 
# ================================================
# TIME = 3965
# INPUTS :
# MODE=1 CE=1 CMD=12 CIN=0 VALID=11
# OPA=128 OPB=1
# --------------------------------
# REFERENCE MODEL OUTPUTS :
# RES_EXP=127
# OFLOW_EXP=1
# COUT_EXP=1
# G_EXP=0
# L_EXP=1
# E_EXP=0
# ERR_EXP=0
# --------------------------------
# DUT OUTPUTS :
# RES=65407
# OFLOW=1
# COUT=1
# G=0
# L=1
# E=0
# ERR=0
# --------------------------------
# STATUS : FAIL
# ================================================
# 
# ================================================
# TIME = 3975
# INPUTS :
# MODE=1 CE=1 CMD=9 CIN=0 VALID=11
# OPA=142 OPB=18
# --------------------------------
# REFERENCE MODEL OUTPUTS :
# RES_EXP=128
# OFLOW_EXP=1
# COUT_EXP=0
# G_EXP=1
# L_EXP=0
# E_EXP=0
# ERR_EXP=0
# --------------------------------
# DUT OUTPUTS :
# RES=128
# OFLOW=1
# COUT=0
# G=1
# L=0
# E=0
# ERR=0
# --------------------------------
# STATUS : PASS
# ================================================
# 
# ================================================
# TIME = 3985
# INPUTS :
# MODE=1 CE=1 CMD=9 CIN=0 VALID=11
# OPA=163 OPB=18
# --------------------------------
# REFERENCE MODEL OUTPUTS :
# RES_EXP=127
# OFLOW_EXP=1
# COUT_EXP=1
# G_EXP=0
# L_EXP=1
# E_EXP=0
# ERR_EXP=0
# --------------------------------
# DUT OUTPUTS :
# RES=65407
# OFLOW=1
# COUT=1
# G=0
# L=1
# E=0
# ERR=0
# --------------------------------
# STATUS : FAIL
# ================================================
# 
# ================================================
# TIME = 3995
# INPUTS :
# MODE=1 CE=1 CMD=4 CIN=0 VALID=11
# OPA=163 OPB=18
# --------------------------------
# REFERENCE MODEL OUTPUTS :
# RES_EXP=0
# OFLOW_EXP=0
# COUT_EXP=0
# G_EXP=0
# L_EXP=0
# E_EXP=0
# ERR_EXP=0
# --------------------------------
# DUT OUTPUTS :
# RES=0
# OFLOW=0
# COUT=0
# G=0
# L=0
# E=0
# ERR=0
# --------------------------------
# STATUS : PASS
# ================================================
# 
# ================================================
# TIME = 4005
# INPUTS :
# MODE=1 CE=1 CMD=4 CIN=0 VALID=11
# OPA=163 OPB=18
# --------------------------------
# REFERENCE MODEL OUTPUTS :
# RES_EXP=x
# OFLOW_EXP=0
# COUT_EXP=0
# G_EXP=0
# L_EXP=0
# E_EXP=0
# ERR_EXP=0
# --------------------------------
# DUT OUTPUTS :
# RES=0
# OFLOW=0
# COUT=0
# G=0
# L=0
# E=0
# ERR=0
# --------------------------------
# STATUS : FAIL
# ================================================
# 
# ================================================
# TIME = 4015
# INPUTS :
# MODE=1 CE=1 CMD=10 CIN=0 VALID=11
# OPA=231 OPB=142
# --------------------------------
# REFERENCE MODEL OUTPUTS :
# RES_EXP=164
# OFLOW_EXP=0
# COUT_EXP=0
# G_EXP=0
# L_EXP=0
# E_EXP=0
# ERR_EXP=0
# --------------------------------
# DUT OUTPUTS :
# RES=0
# OFLOW=0
# COUT=0
# G=0
# L=0
# E=0
# ERR=1
# --------------------------------
# STATUS : FAIL
# ================================================
# 
# ================================================
# TIME = 4025
# INPUTS :
# MODE=1 CE=1 CMD=10 CIN=0 VALID=11
# OPA=39 OPB=142
# --------------------------------
# REFERENCE MODEL OUTPUTS :
# RES_EXP=164
# OFLOW_EXP=0
# COUT_EXP=0
# G_EXP=0
# L_EXP=0
# E_EXP=0
# ERR_EXP=0
# --------------------------------
# DUT OUTPUTS :
# RES=0
# OFLOW=0
# COUT=0
# G=0
# L=0
# E=0
# ERR=1
# --------------------------------
# STATUS : FAIL
# ================================================
# 
# ================================================
# TIME = 4035
# INPUTS :
# MODE=1 CE=1 CMD=4 CIN=0 VALID=11
# OPA=39 OPB=142
# --------------------------------
# REFERENCE MODEL OUTPUTS :
# RES_EXP=0
# OFLOW_EXP=0
# COUT_EXP=0
# G_EXP=0
# L_EXP=0
# E_EXP=0
# ERR_EXP=0
# --------------------------------
# DUT OUTPUTS :
# RES=0
# OFLOW=0
# COUT=0
# G=0
# L=0
# E=0
# ERR=0
# --------------------------------
# STATUS : PASS
# ================================================
# 
# ================================================
# TIME = 4045
# INPUTS :
# MODE=1 CE=1 CMD=4 CIN=0 VALID=11
# OPA=39 OPB=142
# --------------------------------
# REFERENCE MODEL OUTPUTS :
# RES_EXP=x
# OFLOW_EXP=0
# COUT_EXP=0
# G_EXP=0
# L_EXP=0
# E_EXP=0
# ERR_EXP=0
# --------------------------------
# DUT OUTPUTS :
# RES=0
# OFLOW=0
# COUT=0
# G=0
# L=0
# E=0
# ERR=0
# --------------------------------
# STATUS : FAIL
# ================================================
# 
# ================================================
# TIME = 4055
# INPUTS :
# MODE=1 CE=1 CMD=11 CIN=0 VALID=00
# OPA=234 OPB=174
# --------------------------------
# REFERENCE MODEL OUTPUTS :
# RES_EXP=40
# OFLOW_EXP=0
# COUT_EXP=0
# G_EXP=0
# L_EXP=0
# E_EXP=0
# ERR_EXP=0
# --------------------------------
# DUT OUTPUTS :
# RES=0
# OFLOW=0
# COUT=0
# G=0
# L=0
# E=0
# ERR=1
# --------------------------------
# STATUS : FAIL
# ================================================
# 
# ================================================
# TIME = 4065
# INPUTS :
# MODE=1 CE=1 CMD=1 CIN=0 VALID=10
# OPA=211 OPB=163
# --------------------------------
# REFERENCE MODEL OUTPUTS :
# RES_EXP=40
# OFLOW_EXP=0
# COUT_EXP=0
# G_EXP=0
# L_EXP=0
# E_EXP=0
# ERR_EXP=0
# --------------------------------
# DUT OUTPUTS :
# RES=0
# OFLOW=0
# COUT=0
# G=0
# L=0
# E=0
# ERR=1
# --------------------------------
# STATUS : FAIL
# ================================================
# 
# ================================================
# TIME = 4075
# INPUTS :
# MODE=0 CE=1 CMD=11 CIN=0 VALID=01
# OPA=75 OPB=57
# --------------------------------
# REFERENCE MODEL OUTPUTS :
# RES_EXP=0
# OFLOW_EXP=0
# COUT_EXP=0
# G_EXP=0
# L_EXP=0
# E_EXP=0
# ERR_EXP=1
# --------------------------------
# DUT OUTPUTS :
# RES=0
# OFLOW=0
# COUT=0
# G=0
# L=0
# E=0
# ERR=1
# --------------------------------
# STATUS : PASS
# ================================================
# 
# ================================================
# TIME = 4085
# INPUTS :
# MODE=0 CE=1 CMD=5 CIN=0 VALID=10
# OPA=233 OPB=152
# --------------------------------
# REFERENCE MODEL OUTPUTS :
# RES_EXP=0
# OFLOW_EXP=0
# COUT_EXP=0
# G_EXP=0
# L_EXP=0
# E_EXP=0
# ERR_EXP=1
# --------------------------------
# DUT OUTPUTS :
# RES=0
# OFLOW=0
# COUT=0
# G=0
# L=0
# E=0
# ERR=1
# --------------------------------
# STATUS : PASS
# ================================================
# 
# ================================================
# TIME = 4095
# INPUTS :
# MODE=1 CE=1 CMD=12 CIN=0 VALID=11
# OPA=109 OPB=136
# --------------------------------
# REFERENCE MODEL OUTPUTS :
# RES_EXP=0
# OFLOW_EXP=0
# COUT_EXP=0
# G_EXP=0
# L_EXP=0
# E_EXP=0
# ERR_EXP=1
# --------------------------------
# DUT OUTPUTS :
# RES=0
# OFLOW=0
# COUT=0
# G=0
# L=0
# E=0
# ERR=1
# --------------------------------
# STATUS : PASS
# ================================================
# 
# ================================================
# TIME = 4105
# INPUTS :
# MODE=0 CE=1 CMD=2 CIN=0 VALID=00
# OPA=170 OPB=130
# --------------------------------
# REFERENCE MODEL OUTPUTS :
# RES_EXP=0
# OFLOW_EXP=0
# COUT_EXP=0
# G_EXP=0
# L_EXP=0
# E_EXP=0
# ERR_EXP=1
# --------------------------------
# DUT OUTPUTS :
# RES=0
# OFLOW=0
# COUT=0
# G=0
# L=0
# E=0
# ERR=1
# --------------------------------
# STATUS : PASS
# ================================================
# 
# ================================================
# TIME = 4115
# INPUTS :
# MODE=0 CE=1 CMD=10 CIN=0 VALID=11
# OPA=250 OPB=24
# --------------------------------
# REFERENCE MODEL OUTPUTS :
# RES_EXP=109
# OFLOW_EXP=0
# COUT_EXP=0
# G_EXP=0
# L_EXP=0
# E_EXP=0
# ERR_EXP=0
# --------------------------------
# DUT OUTPUTS :
# RES=229
# OFLOW=1
# COUT=0
# G=1
# L=0
# E=0
# ERR=0
# --------------------------------
# STATUS : FAIL
# ================================================
# 
# ================================================
# TIME = 4125
# INPUTS :
# MODE=0 CE=1 CMD=0 CIN=0 VALID=11
# OPA=247 OPB=51
# --------------------------------
# REFERENCE MODEL OUTPUTS :
# RES_EXP=0
# OFLOW_EXP=0
# COUT_EXP=0
# G_EXP=0
# L_EXP=0
# E_EXP=0
# ERR_EXP=1
# --------------------------------
# DUT OUTPUTS :
# RES=0
# OFLOW=0
# COUT=0
# G=0
# L=0
# E=0
# ERR=1
# --------------------------------
# STATUS : PASS
# ================================================
# 
# ================================================
# TIME = 4135
# INPUTS :
# MODE=1 CE=0 CMD=1 CIN=0 VALID=01
# OPA=73 OPB=100
# --------------------------------
# REFERENCE MODEL OUTPUTS :
# RES_EXP=12
# OFLOW_EXP=0
# COUT_EXP=0
# G_EXP=0
# L_EXP=0
# E_EXP=0
# ERR_EXP=0
# --------------------------------
# DUT OUTPUTS :
# RES=0
# OFLOW=0
# COUT=0
# G=0
# L=0
# E=0
# ERR=1
# --------------------------------
# STATUS : FAIL
# ================================================
# 
# ================================================
# TIME = 4145
# INPUTS :
# MODE=0 CE=1 CMD=3 CIN=0 VALID=10
# OPA=195 OPB=155
# --------------------------------
# REFERENCE MODEL OUTPUTS :
# RES_EXP=12
# OFLOW_EXP=0
# COUT_EXP=0
# G_EXP=0
# L_EXP=0
# E_EXP=0
# ERR_EXP=0
# --------------------------------
# DUT OUTPUTS :
# RES=51
# OFLOW=0
# COUT=0
# G=0
# L=0
# E=0
# ERR=0
# --------------------------------
# STATUS : FAIL
# ================================================
# 
# ================================================
# TIME = 4155
# INPUTS :
# MODE=0 CE=1 CMD=0 CIN=0 VALID=11
# OPA=255 OPB=138
# --------------------------------
# REFERENCE MODEL OUTPUTS :
# RES_EXP=51
# OFLOW_EXP=0
# COUT_EXP=0
# G_EXP=0
# L_EXP=0
# E_EXP=0
# ERR_EXP=0
# --------------------------------
# DUT OUTPUTS :
# RES=51
# OFLOW=0
# COUT=0
# G=0
# L=0
# E=0
# ERR=0
# --------------------------------
# STATUS : PASS
# ================================================
# 
# ================================================
# TIME = 4165
# INPUTS :
# MODE=1 CE=1 CMD=14 CIN=0 VALID=11
# OPA=80 OPB=52
# --------------------------------
# REFERENCE MODEL OUTPUTS :
# RES_EXP=0
# OFLOW_EXP=0
# COUT_EXP=0
# G_EXP=0
# L_EXP=0
# E_EXP=0
# ERR_EXP=1
# --------------------------------
# DUT OUTPUTS :
# RES=0
# OFLOW=0
# COUT=0
# G=0
# L=0
# E=0
# ERR=1
# --------------------------------
# STATUS : PASS
# ================================================
# 
# ================================================
# TIME = 4175
# INPUTS :
# MODE=1 CE=1 CMD=7 CIN=0 VALID=11
# OPA=176 OPB=110
# --------------------------------
# REFERENCE MODEL OUTPUTS :
# RES_EXP=137
# OFLOW_EXP=0
# COUT_EXP=1
# G_EXP=0
# L_EXP=0
# E_EXP=0
# ERR_EXP=0
# --------------------------------
# DUT OUTPUTS :
# RES=138
# OFLOW=0
# COUT=0
# G=0
# L=0
# E=0
# ERR=0
# --------------------------------
# STATUS : FAIL
# ================================================
# 
# ================================================
# TIME = 4185
# INPUTS :
# MODE=0 CE=1 CMD=9 CIN=0 VALID=00
# OPA=66 OPB=243
# --------------------------------
# REFERENCE MODEL OUTPUTS :
# RES_EXP=0
# OFLOW_EXP=0
# COUT_EXP=0
# G_EXP=0
# L_EXP=0
# E_EXP=0
# ERR_EXP=1
# --------------------------------
# DUT OUTPUTS :
# RES=0
# OFLOW=0
# COUT=0
# G=0
# L=0
# E=0
# ERR=0
# --------------------------------
# STATUS : FAIL
# ================================================
# 
# ================================================
# TIME = 4195
# INPUTS :
# MODE=0 CE=1 CMD=5 CIN=0 VALID=11
# OPA=109 OPB=227
# --------------------------------
# REFERENCE MODEL OUTPUTS :
# RES_EXP=65425
# OFLOW_EXP=0
# COUT_EXP=0
# G_EXP=0
# L_EXP=0
# E_EXP=0
# ERR_EXP=0
# --------------------------------
# DUT OUTPUTS :
# RES=0
# OFLOW=0
# COUT=0
# G=0
# L=0
# E=0
# ERR=1
# --------------------------------
# STATUS : FAIL
# ================================================
# 
# ================================================
# TIME = 4205
# INPUTS :
# MODE=1 CE=1 CMD=2 CIN=0 VALID=01
# OPA=189 OPB=113
# --------------------------------
# REFERENCE MODEL OUTPUTS :
# RES_EXP=0
# OFLOW_EXP=0
# COUT_EXP=0
# G_EXP=0
# L_EXP=0
# E_EXP=0
# ERR_EXP=1
# --------------------------------
# DUT OUTPUTS :
# RES=0
# OFLOW=0
# COUT=0
# G=0
# L=0
# E=0
# ERR=1
# --------------------------------
# STATUS : PASS
# ================================================
# 
# ================================================
# TIME = 4215
# INPUTS :
# MODE=1 CE=1 CMD=0 CIN=0 VALID=11
# OPA=192 OPB=228
# --------------------------------
# REFERENCE MODEL OUTPUTS :
# RES_EXP=108
# OFLOW_EXP=0
# COUT_EXP=0
# G_EXP=0
# L_EXP=0
# E_EXP=0
# ERR_EXP=0
# --------------------------------
# DUT OUTPUTS :
# RES=65393
# OFLOW=0
# COUT=0
# G=0
# L=0
# E=0
# ERR=0
# --------------------------------
# STATUS : FAIL
# ================================================
# 
# ================================================
# TIME = 4225
# INPUTS :
# MODE=0 CE=1 CMD=13 CIN=0 VALID=00
# OPA=36 OPB=190
# --------------------------------
# REFERENCE MODEL OUTPUTS :
# RES_EXP=0
# OFLOW_EXP=0
# COUT_EXP=0
# G_EXP=0
# L_EXP=0
# E_EXP=0
# ERR_EXP=1
# --------------------------------
# DUT OUTPUTS :
# RES=0
# OFLOW=0
# COUT=0
# G=0
# L=0
# E=0
# ERR=1
# --------------------------------
# STATUS : PASS
# ================================================
# 
# ================================================
# TIME = 4235
# INPUTS :
# MODE=1 CE=1 CMD=13 CIN=0 VALID=01
# OPA=10 OPB=228
# --------------------------------
# REFERENCE MODEL OUTPUTS :
# RES_EXP=192
# OFLOW_EXP=0
# COUT_EXP=0
# G_EXP=0
# L_EXP=0
# E_EXP=0
# ERR_EXP=0
# --------------------------------
# DUT OUTPUTS :
# RES=420
# OFLOW=0
# COUT=1
# G=0
# L=0
# E=0
# ERR=0
# --------------------------------
# STATUS : FAIL
# ================================================
# 
# ================================================
# TIME = 4245
# INPUTS :
# MODE=0 CE=1 CMD=13 CIN=0 VALID=11
# OPA=250 OPB=248
# --------------------------------
# REFERENCE MODEL OUTPUTS :
# RES_EXP=0
# OFLOW_EXP=0
# COUT_EXP=0
# G_EXP=0
# L_EXP=0
# E_EXP=0
# ERR_EXP=1
# --------------------------------
# DUT OUTPUTS :
# RES=0
# OFLOW=0
# COUT=0
# G=0
# L=0
# E=0
# ERR=1
# --------------------------------
# STATUS : PASS
# ================================================
# 
# ================================================
# TIME = 4255
# INPUTS :
# MODE=1 CE=1 CMD=4 CIN=0 VALID=11
# OPA=10 OPB=248
# --------------------------------
# REFERENCE MODEL OUTPUTS :
# RES_EXP=0
# OFLOW_EXP=0
# COUT_EXP=0
# G_EXP=0
# L_EXP=0
# E_EXP=0
# ERR_EXP=1
# --------------------------------
# DUT OUTPUTS :
# RES=0
# OFLOW=0
# COUT=0
# G=0
# L=0
# E=0
# ERR=0
# --------------------------------
# STATUS : FAIL
# ================================================
# 
# ================================================
# TIME = 4265
# INPUTS :
# MODE=1 CE=1 CMD=12 CIN=0 VALID=11
# OPA=189 OPB=251
# --------------------------------
# REFERENCE MODEL OUTPUTS :
# RES_EXP=0
# OFLOW_EXP=0
# COUT_EXP=0
# G_EXP=0
# L_EXP=0
# E_EXP=0
# ERR_EXP=1
# --------------------------------
# DUT OUTPUTS :
# RES=250
# OFLOW=0
# COUT=0
# G=0
# L=0
# E=0
# ERR=1
# --------------------------------
# STATUS : FAIL
# ================================================
# 
# ================================================
# TIME = 4275
# INPUTS :
# MODE=0 CE=1 CMD=10 CIN=0 VALID=00
# OPA=167 OPB=107
# --------------------------------
# REFERENCE MODEL OUTPUTS :
# RES_EXP=11
# OFLOW_EXP=0
# COUT_EXP=0
# G_EXP=0
# L_EXP=0
# E_EXP=0
# ERR_EXP=0
# --------------------------------
# DUT OUTPUTS :
# RES=0
# OFLOW=0
# COUT=0
# G=0
# L=0
# E=0
# ERR=1
# --------------------------------
# STATUS : FAIL
# ================================================
# 
# ================================================
# TIME = 4285
# INPUTS :
# MODE=1 CE=1 CMD=2 CIN=0 VALID=10
# OPA=189 OPB=227
# --------------------------------
# REFERENCE MODEL OUTPUTS :
# RES_EXP=237
# OFLOW_EXP=0
# COUT_EXP=0
# G_EXP=0
# L_EXP=0
# E_EXP=0
# ERR_EXP=0
# --------------------------------
# DUT OUTPUTS :
# RES=65474
# OFLOW=0
# COUT=1
# G=0
# L=1
# E=0
# ERR=0
# --------------------------------
# STATUS : FAIL
# ================================================
# 
# ================================================
# TIME = 4295
# INPUTS :
# MODE=1 CE=1 CMD=14 CIN=0 VALID=00
# OPA=132 OPB=81
# --------------------------------
# REFERENCE MODEL OUTPUTS :
# RES_EXP=0
# OFLOW_EXP=0
# COUT_EXP=0
# G_EXP=0
# L_EXP=0
# E_EXP=0
# ERR_EXP=1
# --------------------------------
# DUT OUTPUTS :
# RES=0
# OFLOW=0
# COUT=0
# G=0
# L=0
# E=0
# ERR=1
# --------------------------------
# STATUS : PASS
# ================================================
# 
# ================================================
# TIME = 4305
# INPUTS :
# MODE=0 CE=1 CMD=4 CIN=0 VALID=11
# OPA=121 OPB=207
# --------------------------------
# REFERENCE MODEL OUTPUTS :
# RES_EXP=0
# OFLOW_EXP=0
# COUT_EXP=0
# G_EXP=0
# L_EXP=0
# E_EXP=0
# ERR_EXP=1
# --------------------------------
# DUT OUTPUTS :
# RES=0
# OFLOW=0
# COUT=0
# G=0
# L=0
# E=0
# ERR=1
# --------------------------------
# STATUS : PASS
# ================================================
# 
# ================================================
# TIME = 4315
# INPUTS :
# MODE=0 CE=0 CMD=3 CIN=0 VALID=11
# OPA=166 OPB=237
# --------------------------------
# REFERENCE MODEL OUTPUTS :
# RES_EXP=0
# OFLOW_EXP=0
# COUT_EXP=0
# G_EXP=0
# L_EXP=0
# E_EXP=0
# ERR_EXP=1
# --------------------------------
# DUT OUTPUTS :
# RES=0
# OFLOW=0
# COUT=0
# G=0
# L=0
# E=0
# ERR=0
# --------------------------------
# STATUS : FAIL
# ================================================
# 
# ================================================
# TIME = 4325
# INPUTS :
# MODE=1 CE=1 CMD=6 CIN=0 VALID=00
# OPA=193 OPB=2
# --------------------------------
# REFERENCE MODEL OUTPUTS :
# RES_EXP=0
# OFLOW_EXP=0
# COUT_EXP=0
# G_EXP=0
# L_EXP=0
# E_EXP=0
# ERR_EXP=1
# --------------------------------
# DUT OUTPUTS :
# RES=182
# OFLOW=0
# COUT=0
# G=0
# L=0
# E=0
# ERR=0
# --------------------------------
# STATUS : FAIL
# ================================================
# 
# ================================================
# TIME = 4335
# INPUTS :
# MODE=0 CE=1 CMD=1 CIN=0 VALID=11
# OPA=150 OPB=103
# --------------------------------
# REFERENCE MODEL OUTPUTS :
# RES_EXP=122
# OFLOW_EXP=0
# COUT_EXP=0
# G_EXP=0
# L_EXP=0
# E_EXP=0
# ERR_EXP=0
# --------------------------------
# DUT OUTPUTS :
# RES=182
# OFLOW=0
# COUT=0
# G=0
# L=0
# E=0
# ERR=0
# --------------------------------
# STATUS : FAIL
# ================================================
# 
# ================================================
# TIME = 4345
# INPUTS :
# MODE=0 CE=1 CMD=2 CIN=0 VALID=10
# OPA=232 OPB=241
# --------------------------------
# REFERENCE MODEL OUTPUTS :
# RES_EXP=0
# OFLOW_EXP=0
# COUT_EXP=0
# G_EXP=0
# L_EXP=0
# E_EXP=0
# ERR_EXP=1
# --------------------------------
# DUT OUTPUTS :
# RES=0
# OFLOW=0
# COUT=0
# G=0
# L=0
# E=0
# ERR=1
# --------------------------------
# STATUS : PASS
# ================================================
# 
# ================================================
# TIME = 4355
# INPUTS :
# MODE=0 CE=1 CMD=10 CIN=0 VALID=01
# OPA=107 OPB=86
# --------------------------------
# REFERENCE MODEL OUTPUTS :
# RES_EXP=65529
# OFLOW_EXP=0
# COUT_EXP=0
# G_EXP=0
# L_EXP=0
# E_EXP=0
# ERR_EXP=0
# --------------------------------
# DUT OUTPUTS :
# RES=65529
# OFLOW=0
# COUT=0
# G=0
# L=0
# E=0
# ERR=0
# --------------------------------
# STATUS : PASS
# ================================================
# 
# ================================================
# TIME = 4365
# INPUTS :
# MODE=0 CE=1 CMD=6 CIN=0 VALID=00
# OPA=74 OPB=102
# --------------------------------
# REFERENCE MODEL OUTPUTS :
# RES_EXP=0
# OFLOW_EXP=0
# COUT_EXP=0
# G_EXP=0
# L_EXP=0
# E_EXP=0
# ERR_EXP=1
# --------------------------------
# DUT OUTPUTS :
# RES=0
# OFLOW=0
# COUT=0
# G=0
# L=0
# E=0
# ERR=1
# --------------------------------
# STATUS : PASS
# ================================================
# 
# ================================================
# TIME = 4375
# INPUTS :
# MODE=1 CE=1 CMD=15 CIN=0 VALID=00
# OPA=128 OPB=183
# --------------------------------
# REFERENCE MODEL OUTPUTS :
# RES_EXP=0
# OFLOW_EXP=0
# COUT_EXP=0
# G_EXP=0
# L_EXP=0
# E_EXP=0
# ERR_EXP=1
# --------------------------------
# DUT OUTPUTS :
# RES=0
# OFLOW=0
# COUT=0
# G=0
# L=0
# E=0
# ERR=1
# --------------------------------
# STATUS : PASS
# ================================================
# 
# ================================================
# TIME = 4385
# INPUTS :
# MODE=0 CE=0 CMD=6 CIN=0 VALID=10
# OPA=218 OPB=61
# --------------------------------
# REFERENCE MODEL OUTPUTS :
# RES_EXP=0
# OFLOW_EXP=0
# COUT_EXP=0
# G_EXP=0
# L_EXP=0
# E_EXP=0
# ERR_EXP=1
# --------------------------------
# DUT OUTPUTS :
# RES=0
# OFLOW=0
# COUT=0
# G=0
# L=0
# E=0
# ERR=1
# --------------------------------
# STATUS : PASS
# ================================================
# 
# ================================================
# TIME = 4395
# INPUTS :
# MODE=0 CE=0 CMD=13 CIN=0 VALID=00
# OPA=234 OPB=237
# --------------------------------
# REFERENCE MODEL OUTPUTS :
# RES_EXP=0
# OFLOW_EXP=0
# COUT_EXP=0
# G_EXP=0
# L_EXP=0
# E_EXP=0
# ERR_EXP=1
# --------------------------------
# DUT OUTPUTS :
# RES=0
# OFLOW=0
# COUT=0
# G=0
# L=0
# E=0
# ERR=0
# --------------------------------
# STATUS : FAIL
# ================================================
# 
# ================================================
# TIME = 4405
# INPUTS :
# MODE=1 CE=1 CMD=12 CIN=0 VALID=00
# OPA=143 OPB=220
# --------------------------------
# REFERENCE MODEL OUTPUTS :
# RES_EXP=0
# OFLOW_EXP=0
# COUT_EXP=0
# G_EXP=0
# L_EXP=0
# E_EXP=0
# ERR_EXP=1
# --------------------------------
# DUT OUTPUTS :
# RES=0
# OFLOW=0
# COUT=0
# G=0
# L=0
# E=0
# ERR=0
# --------------------------------
# STATUS : FAIL
# ================================================
# 
# ================================================
# TIME = 4415
# INPUTS :
# MODE=1 CE=1 CMD=9 CIN=0 VALID=00
# OPA=65 OPB=46
# --------------------------------
# REFERENCE MODEL OUTPUTS :
# RES_EXP=0
# OFLOW_EXP=0
# COUT_EXP=0
# G_EXP=0
# L_EXP=0
# E_EXP=0
# ERR_EXP=1
# --------------------------------
# DUT OUTPUTS :
# RES=0
# OFLOW=0
# COUT=0
# G=0
# L=0
# E=0
# ERR=0
# --------------------------------
# STATUS : FAIL
# ================================================
# 
# ================================================
# TIME = 4425
# INPUTS :
# MODE=0 CE=1 CMD=14 CIN=0 VALID=00
# OPA=254 OPB=192
# --------------------------------
# REFERENCE MODEL OUTPUTS :
# RES_EXP=0
# OFLOW_EXP=0
# COUT_EXP=0
# G_EXP=0
# L_EXP=0
# E_EXP=0
# ERR_EXP=1
# --------------------------------
# DUT OUTPUTS :
# RES=0
# OFLOW=0
# COUT=0
# G=0
# L=0
# E=0
# ERR=1
# --------------------------------
# STATUS : PASS
# ================================================
# 
# ================================================
# TIME = 4435
# INPUTS :
# MODE=0 CE=1 CMD=15 CIN=0 VALID=01
# OPA=114 OPB=53
# --------------------------------
# REFERENCE MODEL OUTPUTS :
# RES_EXP=0
# OFLOW_EXP=0
# COUT_EXP=0
# G_EXP=0
# L_EXP=0
# E_EXP=0
# ERR_EXP=1
# --------------------------------
# DUT OUTPUTS :
# RES=0
# OFLOW=0
# COUT=0
# G=0
# L=0
# E=0
# ERR=1
# --------------------------------
# STATUS : PASS
# ================================================
# 
# ================================================
# TIME = 4445
# INPUTS :
# MODE=0 CE=0 CMD=13 CIN=0 VALID=11
# OPA=75 OPB=129
# --------------------------------
# REFERENCE MODEL OUTPUTS :
# RES_EXP=0
# OFLOW_EXP=0
# COUT_EXP=0
# G_EXP=0
# L_EXP=0
# E_EXP=0
# ERR_EXP=1
# --------------------------------
# DUT OUTPUTS :
# RES=0
# OFLOW=0
# COUT=0
# G=0
# L=0
# E=0
# ERR=1
# --------------------------------
# STATUS : PASS
# ================================================
# 
# ================================================
# TIME = 4455
# INPUTS :
# MODE=1 CE=1 CMD=14 CIN=0 VALID=11
# OPA=26 OPB=162
# --------------------------------
# REFERENCE MODEL OUTPUTS :
# RES_EXP=0
# OFLOW_EXP=0
# COUT_EXP=0
# G_EXP=0
# L_EXP=0
# E_EXP=0
# ERR_EXP=1
# --------------------------------
# DUT OUTPUTS :
# RES=0
# OFLOW=0
# COUT=0
# G=0
# L=0
# E=0
# ERR=1
# --------------------------------
# STATUS : PASS
# ================================================
# 
# ================================================
# TIME = 4465
# INPUTS :
# MODE=0 CE=1 CMD=9 CIN=0 VALID=10
# OPA=11 OPB=6
# --------------------------------
# REFERENCE MODEL OUTPUTS :
# RES_EXP=0
# OFLOW_EXP=0
# COUT_EXP=0
# G_EXP=0
# L_EXP=0
# E_EXP=0
# ERR_EXP=1
# --------------------------------
# DUT OUTPUTS :
# RES=0
# OFLOW=0
# COUT=0
# G=0
# L=0
# E=0
# ERR=1
# --------------------------------
# STATUS : PASS
# ================================================
# 
# ================================================
# TIME = 4475
# INPUTS :
# MODE=1 CE=1 CMD=12 CIN=0 VALID=00
# OPA=172 OPB=181
# --------------------------------
# REFERENCE MODEL OUTPUTS :
# RES_EXP=0
# OFLOW_EXP=0
# COUT_EXP=0
# G_EXP=0
# L_EXP=0
# E_EXP=0
# ERR_EXP=1
# --------------------------------
# DUT OUTPUTS :
# RES=0
# OFLOW=0
# COUT=0
# G=0
# L=0
# E=0
# ERR=0
# --------------------------------
# STATUS : FAIL
# ================================================
# 
# ================================================
# TIME = 4485
# INPUTS :
# MODE=0 CE=1 CMD=9 CIN=0 VALID=00
# OPA=198 OPB=55
# --------------------------------
# REFERENCE MODEL OUTPUTS :
# RES_EXP=0
# OFLOW_EXP=0
# COUT_EXP=0
# G_EXP=0
# L_EXP=0
# E_EXP=0
# ERR_EXP=1
# --------------------------------
# DUT OUTPUTS :
# RES=0
# OFLOW=0
# COUT=0
# G=0
# L=0
# E=0
# ERR=1
# --------------------------------
# STATUS : PASS
# ================================================
# 
# ================================================
# TIME = 4495
# INPUTS :
# MODE=0 CE=1 CMD=6 CIN=0 VALID=01
# OPA=170 OPB=139
# --------------------------------
# REFERENCE MODEL OUTPUTS :
# RES_EXP=0
# OFLOW_EXP=0
# COUT_EXP=0
# G_EXP=0
# L_EXP=0
# E_EXP=0
# ERR_EXP=1
# --------------------------------
# DUT OUTPUTS :
# RES=0
# OFLOW=0
# COUT=0
# G=0
# L=0
# E=0
# ERR=1
# --------------------------------
# STATUS : PASS
# ================================================
# 
# ================================================
# TIME = 4505
# INPUTS :
# MODE=1 CE=1 CMD=12 CIN=0 VALID=10
# OPA=194 OPB=145
# --------------------------------
# REFERENCE MODEL OUTPUTS :
# RES_EXP=0
# OFLOW_EXP=0
# COUT_EXP=0
# G_EXP=0
# L_EXP=0
# E_EXP=0
# ERR_EXP=1
# --------------------------------
# DUT OUTPUTS :
# RES=0
# OFLOW=0
# COUT=0
# G=0
# L=0
# E=0
# ERR=1
# --------------------------------
# STATUS : PASS
# ================================================
# 
# ================================================
# TIME = 4515
# INPUTS :
# MODE=1 CE=1 CMD=13 CIN=0 VALID=11
# OPA=188 OPB=215
# --------------------------------
# REFERENCE MODEL OUTPUTS :
# RES_EXP=0
# OFLOW_EXP=0
# COUT_EXP=0
# G_EXP=0
# L_EXP=0
# E_EXP=0
# ERR_EXP=1
# --------------------------------
# DUT OUTPUTS :
# RES=65365
# OFLOW=0
# COUT=0
# G=0
# L=0
# E=0
# ERR=0
# --------------------------------
# STATUS : FAIL
# ================================================
# 
# ================================================
# TIME = 4525
# INPUTS :
# MODE=1 CE=1 CMD=12 CIN=0 VALID=00
# OPA=164 OPB=193
# --------------------------------
# REFERENCE MODEL OUTPUTS :
# RES_EXP=0
# OFLOW_EXP=0
# COUT_EXP=0
# G_EXP=0
# L_EXP=0
# E_EXP=0
# ERR_EXP=1
# --------------------------------
# DUT OUTPUTS :
# RES=0
# OFLOW=0
# COUT=0
# G=0
# L=0
# E=0
# ERR=1
# --------------------------------
# STATUS : PASS
# ================================================
# 
# ================================================
# TIME = 4535
# INPUTS :
# MODE=0 CE=0 CMD=14 CIN=0 VALID=01
# OPA=90 OPB=237
# --------------------------------
# REFERENCE MODEL OUTPUTS :
# RES_EXP=0
# OFLOW_EXP=0
# COUT_EXP=0
# G_EXP=0
# L_EXP=0
# E_EXP=0
# ERR_EXP=1
# --------------------------------
# DUT OUTPUTS :
# RES=0
# OFLOW=0
# COUT=0
# G=0
# L=0
# E=0
# ERR=0
# --------------------------------
# STATUS : FAIL
# ================================================
# 
# ================================================
# TIME = 4545
# INPUTS :
# MODE=0 CE=1 CMD=12 CIN=0 VALID=00
# OPA=149 OPB=227
# --------------------------------
# REFERENCE MODEL OUTPUTS :
# RES_EXP=0
# OFLOW_EXP=0
# COUT_EXP=0
# G_EXP=0
# L_EXP=0
# E_EXP=0
# ERR_EXP=1
# --------------------------------
# DUT OUTPUTS :
# RES=0
# OFLOW=0
# COUT=0
# G=0
# L=0
# E=0
# ERR=1
# --------------------------------
# STATUS : PASS
# ================================================
# 
# ================================================
# TIME = 4555
# INPUTS :
# MODE=0 CE=0 CMD=9 CIN=0 VALID=00
# OPA=218 OPB=126
# --------------------------------
# REFERENCE MODEL OUTPUTS :
# RES_EXP=0
# OFLOW_EXP=0
# COUT_EXP=0
# G_EXP=0
# L_EXP=0
# E_EXP=0
# ERR_EXP=1
# --------------------------------
# DUT OUTPUTS :
# RES=0
# OFLOW=0
# COUT=0
# G=0
# L=0
# E=0
# ERR=1
# --------------------------------
# STATUS : PASS
# ================================================
# 
# ================================================
# TIME = 4565
# INPUTS :
# MODE=1 CE=1 CMD=8 CIN=0 VALID=10
# OPA=12 OPB=216
# --------------------------------
# REFERENCE MODEL OUTPUTS :
# RES_EXP=0
# OFLOW_EXP=0
# COUT_EXP=0
# G_EXP=0
# L_EXP=0
# E_EXP=0
# ERR_EXP=1
# --------------------------------
# DUT OUTPUTS :
# RES=0
# OFLOW=0
# COUT=0
# G=0
# L=0
# E=0
# ERR=1
# --------------------------------
# STATUS : PASS
# ================================================
# 
# ================================================
# TIME = 4575
# INPUTS :
# MODE=0 CE=1 CMD=2 CIN=0 VALID=00
# OPA=254 OPB=230
# --------------------------------
# REFERENCE MODEL OUTPUTS :
# RES_EXP=0
# OFLOW_EXP=0
# COUT_EXP=0
# G_EXP=0
# L_EXP=0
# E_EXP=0
# ERR_EXP=1
# --------------------------------
# DUT OUTPUTS :
# RES=0
# OFLOW=0
# COUT=0
# G=0
# L=0
# E=0
# ERR=1
# --------------------------------
# STATUS : PASS
# ================================================
# 
# ================================================
# TIME = 4585
# INPUTS :
# MODE=0 CE=1 CMD=9 CIN=0 VALID=01
# OPA=28 OPB=145
# --------------------------------
# REFERENCE MODEL OUTPUTS :
# RES_EXP=0
# OFLOW_EXP=0
# COUT_EXP=0
# G_EXP=0
# L_EXP=0
# E_EXP=0
# ERR_EXP=1
# --------------------------------
# DUT OUTPUTS :
# RES=0
# OFLOW=0
# COUT=0
# G=0
# L=0
# E=0
# ERR=1
# --------------------------------
# STATUS : PASS
# ================================================
# 
# ================================================
# TIME = 4595
# INPUTS :
# MODE=0 CE=1 CMD=4 CIN=0 VALID=11
# OPA=136 OPB=191
# --------------------------------
# REFERENCE MODEL OUTPUTS :
# RES_EXP=0
# OFLOW_EXP=0
# COUT_EXP=0
# G_EXP=0
# L_EXP=0
# E_EXP=0
# ERR_EXP=1
# --------------------------------
# DUT OUTPUTS :
# RES=0
# OFLOW=0
# COUT=0
# G=0
# L=0
# E=0
# ERR=1
# --------------------------------
# STATUS : PASS
# ================================================
# 
# ================================================
# TIME = 4605
# INPUTS :
# MODE=0 CE=0 CMD=5 CIN=0 VALID=00
# OPA=200 OPB=254
# --------------------------------
# REFERENCE MODEL OUTPUTS :
# RES_EXP=56
# OFLOW_EXP=0
# COUT_EXP=0
# G_EXP=0
# L_EXP=0
# E_EXP=0
# ERR_EXP=0
# --------------------------------
# DUT OUTPUTS :
# RES=56
# OFLOW=0
# COUT=0
# G=0
# L=0
# E=0
# ERR=0
# --------------------------------
# STATUS : PASS
# ================================================
# 
# ================================================
# TIME = 4615
# INPUTS :
# MODE=0 CE=1 CMD=5 CIN=0 VALID=11
# OPA=61 OPB=100
# --------------------------------
# REFERENCE MODEL OUTPUTS :
# RES_EXP=56
# OFLOW_EXP=0
# COUT_EXP=0
# G_EXP=0
# L_EXP=0
# E_EXP=0
# ERR_EXP=0
# --------------------------------
# DUT OUTPUTS :
# RES=55
# OFLOW=0
# COUT=0
# G=0
# L=0
# E=0
# ERR=0
# --------------------------------
# STATUS : FAIL
# ================================================
# 
# ================================================
# TIME = 4625
# INPUTS :
# MODE=0 CE=1 CMD=5 CIN=0 VALID=00
# OPA=98 OPB=229
# --------------------------------
# REFERENCE MODEL OUTPUTS :
# RES_EXP=55
# OFLOW_EXP=0
# COUT_EXP=0
# G_EXP=0
# L_EXP=0
# E_EXP=0
# ERR_EXP=0
# --------------------------------
# DUT OUTPUTS :
# RES=55
# OFLOW=0
# COUT=0
# G=0
# L=0
# E=0
# ERR=0
# --------------------------------
# STATUS : PASS
# ================================================
# 
# ================================================
# TIME = 4635
# INPUTS :
# MODE=1 CE=1 CMD=10 CIN=0 VALID=01
# OPA=138 OPB=21
# --------------------------------
# REFERENCE MODEL OUTPUTS :
# RES_EXP=65446
# OFLOW_EXP=0
# COUT_EXP=0
# G_EXP=0
# L_EXP=0
# E_EXP=0
# ERR_EXP=0
# --------------------------------
# DUT OUTPUTS :
# RES=65446
# OFLOW=0
# COUT=0
# G=0
# L=0
# E=0
# ERR=0
# --------------------------------
# STATUS : PASS
# ================================================
# 
# ================================================
# TIME = 4645
# INPUTS :
# MODE=1 CE=1 CMD=3 CIN=0 VALID=10
# OPA=139 OPB=45
# --------------------------------
# REFERENCE MODEL OUTPUTS :
# RES_EXP=0
# OFLOW_EXP=0
# COUT_EXP=0
# G_EXP=0
# L_EXP=0
# E_EXP=0
# ERR_EXP=1
# --------------------------------
# DUT OUTPUTS :
# RES=0
# OFLOW=0
# COUT=0
# G=0
# L=0
# E=0
# ERR=1
# --------------------------------
# STATUS : PASS
# ================================================
# 
# ================================================
# TIME = 4655
# INPUTS :
# MODE=1 CE=1 CMD=5 CIN=0 VALID=10
# OPA=83 OPB=46
# --------------------------------
# REFERENCE MODEL OUTPUTS :
# RES_EXP=0
# OFLOW_EXP=0
# COUT_EXP=0
# G_EXP=0
# L_EXP=0
# E_EXP=0
# ERR_EXP=1
# --------------------------------
# DUT OUTPUTS :
# RES=0
# OFLOW=0
# COUT=0
# G=0
# L=0
# E=0
# ERR=1
# --------------------------------
# STATUS : PASS
# ================================================
# 
# ================================================
# TIME = 4665
# INPUTS :
# MODE=0 CE=1 CMD=2 CIN=0 VALID=01
# OPA=26 OPB=106
# --------------------------------
# REFERENCE MODEL OUTPUTS :
# RES_EXP=0
# OFLOW_EXP=0
# COUT_EXP=0
# G_EXP=0
# L_EXP=0
# E_EXP=0
# ERR_EXP=1
# --------------------------------
# DUT OUTPUTS :
# RES=0
# OFLOW=0
# COUT=0
# G=0
# L=0
# E=0
# ERR=1
# --------------------------------
# STATUS : PASS
# ================================================
# 
# ================================================
# TIME = 4675
# INPUTS :
# MODE=0 CE=1 CMD=1 CIN=0 VALID=00
# OPA=125 OPB=254
# --------------------------------
# REFERENCE MODEL OUTPUTS :
# RES_EXP=0
# OFLOW_EXP=0
# COUT_EXP=0
# G_EXP=0
# L_EXP=0
# E_EXP=0
# ERR_EXP=1
# --------------------------------
# DUT OUTPUTS :
# RES=0
# OFLOW=0
# COUT=0
# G=0
# L=0
# E=0
# ERR=1
# --------------------------------
# STATUS : PASS
# ================================================
# 
# ================================================
# TIME = 4685
# INPUTS :
# MODE=0 CE=1 CMD=10 CIN=0 VALID=01
# OPA=88 OPB=150
# --------------------------------
# REFERENCE MODEL OUTPUTS :
# RES_EXP=0
# OFLOW_EXP=0
# COUT_EXP=0
# G_EXP=0
# L_EXP=0
# E_EXP=0
# ERR_EXP=1
# --------------------------------
# DUT OUTPUTS :
# RES=0
# OFLOW=0
# COUT=0
# G=0
# L=0
# E=0
# ERR=1
# --------------------------------
# STATUS : PASS
# ================================================
# 
# ================================================
# TIME = 4695
# INPUTS :
# MODE=0 CE=1 CMD=11 CIN=0 VALID=10
# OPA=22 OPB=96
# --------------------------------
# REFERENCE MODEL OUTPUTS :
# RES_EXP=0
# OFLOW_EXP=0
# COUT_EXP=0
# G_EXP=0
# L_EXP=0
# E_EXP=0
# ERR_EXP=1
# --------------------------------
# DUT OUTPUTS :
# RES=0
# OFLOW=0
# COUT=0
# G=0
# L=0
# E=0
# ERR=1
# --------------------------------
# STATUS : PASS
# ================================================
# 
# ================================================
# TIME = 4705
# INPUTS :
# MODE=1 CE=0 CMD=4 CIN=0 VALID=10
# OPA=248 OPB=154
# --------------------------------
# REFERENCE MODEL OUTPUTS :
# RES_EXP=0
# OFLOW_EXP=0
# COUT_EXP=0
# G_EXP=0
# L_EXP=0
# E_EXP=0
# ERR_EXP=1
# --------------------------------
# DUT OUTPUTS :
# RES=0
# OFLOW=0
# COUT=0
# G=0
# L=0
# E=0
# ERR=1
# --------------------------------
# STATUS : PASS
# ================================================
# 
# ================================================
# TIME = 4715
# INPUTS :
# MODE=0 CE=1 CMD=10 CIN=0 VALID=11
# OPA=17 OPB=198
# --------------------------------
# REFERENCE MODEL OUTPUTS :
# RES_EXP=0
# OFLOW_EXP=0
# COUT_EXP=0
# G_EXP=0
# L_EXP=0
# E_EXP=0
# ERR_EXP=1
# --------------------------------
# DUT OUTPUTS :
# RES=192
# OFLOW=0
# COUT=0
# G=0
# L=0
# E=0
# ERR=0
# --------------------------------
# STATUS : FAIL
# ================================================
# 
# ================================================
# TIME = 4725
# INPUTS :
# MODE=0 CE=0 CMD=4 CIN=0 VALID=00
# OPA=67 OPB=86
# --------------------------------
# REFERENCE MODEL OUTPUTS :
# RES_EXP=192
# OFLOW_EXP=0
# COUT_EXP=0
# G_EXP=0
# L_EXP=0
# E_EXP=0
# ERR_EXP=0
# --------------------------------
# DUT OUTPUTS :
# RES=192
# OFLOW=0
# COUT=0
# G=0
# L=0
# E=0
# ERR=0
# --------------------------------
# STATUS : PASS
# ================================================
# 
# ================================================
# TIME = 4735
# INPUTS :
# MODE=1 CE=0 CMD=7 CIN=0 VALID=01
# OPA=128 OPB=2
# --------------------------------
# REFERENCE MODEL OUTPUTS :
# RES_EXP=192
# OFLOW_EXP=0
# COUT_EXP=0
# G_EXP=0
# L_EXP=0
# E_EXP=0
# ERR_EXP=0
# --------------------------------
# DUT OUTPUTS :
# RES=0
# OFLOW=0
# COUT=0
# G=0
# L=0
# E=0
# ERR=1
# --------------------------------
# STATUS : FAIL
# ================================================
# 
# ================================================
# TIME = 4745
# INPUTS :
# MODE=1 CE=1 CMD=1 CIN=0 VALID=00
# OPA=189 OPB=19
# --------------------------------
# REFERENCE MODEL OUTPUTS :
# RES_EXP=192
# OFLOW_EXP=0
# COUT_EXP=0
# G_EXP=0
# L_EXP=0
# E_EXP=0
# ERR_EXP=0
# --------------------------------
# DUT OUTPUTS :
# RES=0
# OFLOW=0
# COUT=0
# G=0
# L=0
# E=0
# ERR=1
# --------------------------------
# STATUS : FAIL
# ================================================
# 
# ================================================
# TIME = 4755
# INPUTS :
# MODE=1 CE=1 CMD=13 CIN=0 VALID=00
# OPA=216 OPB=10
# --------------------------------
# REFERENCE MODEL OUTPUTS :
# RES_EXP=0
# OFLOW_EXP=0
# COUT_EXP=0
# G_EXP=0
# L_EXP=0
# E_EXP=0
# ERR_EXP=0
# --------------------------------
# DUT OUTPUTS :
# RES=0
# OFLOW=0
# COUT=0
# G=0
# L=0
# E=0
# ERR=1
# --------------------------------
# STATUS : FAIL
# ================================================
# 
# ================================================
# TIME = 4765
# INPUTS :
# MODE=0 CE=1 CMD=2 CIN=0 VALID=01
# OPA=35 OPB=129
# --------------------------------
# REFERENCE MODEL OUTPUTS :
# RES_EXP=0
# OFLOW_EXP=0
# COUT_EXP=0
# G_EXP=0
# L_EXP=0
# E_EXP=0
# ERR_EXP=1
# --------------------------------
# DUT OUTPUTS :
# RES=0
# OFLOW=0
# COUT=0
# G=0
# L=0
# E=0
# ERR=1
# --------------------------------
# STATUS : PASS
# ================================================
# 
# ================================================
# TIME = 4775
# INPUTS :
# MODE=1 CE=0 CMD=9 CIN=0 VALID=00
# OPA=193 OPB=172
# --------------------------------
# REFERENCE MODEL OUTPUTS :
# RES_EXP=0
# OFLOW_EXP=0
# COUT_EXP=0
# G_EXP=0
# L_EXP=0
# E_EXP=0
# ERR_EXP=1
# --------------------------------
# DUT OUTPUTS :
# RES=0
# OFLOW=0
# COUT=0
# G=0
# L=0
# E=0
# ERR=0
# --------------------------------
# STATUS : FAIL
# ================================================
# 
# ================================================
# TIME = 4785
# INPUTS :
# MODE=0 CE=1 CMD=15 CIN=0 VALID=10
# OPA=88 OPB=236
# --------------------------------
# REFERENCE MODEL OUTPUTS :
# RES_EXP=0
# OFLOW_EXP=0
# COUT_EXP=0
# G_EXP=0
# L_EXP=0
# E_EXP=0
# ERR_EXP=1
# --------------------------------
# DUT OUTPUTS :
# RES=0
# OFLOW=0
# COUT=0
# G=0
# L=0
# E=0
# ERR=1
# --------------------------------
# STATUS : PASS
# ================================================
# 
# ================================================
# TIME = 4795
# INPUTS :
# MODE=1 CE=1 CMD=12 CIN=0 VALID=01
# OPA=65 OPB=216
# --------------------------------
# REFERENCE MODEL OUTPUTS :
# RES_EXP=0
# OFLOW_EXP=0
# COUT_EXP=0
# G_EXP=0
# L_EXP=0
# E_EXP=0
# ERR_EXP=1
# --------------------------------
# DUT OUTPUTS :
# RES=0
# OFLOW=0
# COUT=0
# G=0
# L=0
# E=0
# ERR=1
# --------------------------------
# STATUS : PASS
# ================================================
# 
# ================================================
# TIME = 4805
# INPUTS :
# MODE=1 CE=0 CMD=5 CIN=0 VALID=10
# OPA=41 OPB=241
# --------------------------------
# REFERENCE MODEL OUTPUTS :
# RES_EXP=0
# OFLOW_EXP=0
# COUT_EXP=0
# G_EXP=0
# L_EXP=0
# E_EXP=0
# ERR_EXP=1
# --------------------------------
# DUT OUTPUTS :
# RES=0
# OFLOW=0
# COUT=0
# G=0
# L=0
# E=0
# ERR=1
# --------------------------------
# STATUS : PASS
# ================================================
# 
# ================================================
# TIME = 4815
# INPUTS :
# MODE=0 CE=0 CMD=15 CIN=0 VALID=10
# OPA=20 OPB=203
# --------------------------------
# REFERENCE MODEL OUTPUTS :
# RES_EXP=0
# OFLOW_EXP=0
# COUT_EXP=0
# G_EXP=0
# L_EXP=0
# E_EXP=0
# ERR_EXP=1
# --------------------------------
# DUT OUTPUTS :
# RES=0
# OFLOW=0
# COUT=0
# G=0
# L=0
# E=0
# ERR=1
# --------------------------------
# STATUS : PASS
# ================================================
# 
# ================================================
# TIME = 4825
# INPUTS :
# MODE=0 CE=1 CMD=9 CIN=0 VALID=01
# OPA=226 OPB=47
# --------------------------------
# REFERENCE MODEL OUTPUTS :
# RES_EXP=0
# OFLOW_EXP=0
# COUT_EXP=0
# G_EXP=0
# L_EXP=0
# E_EXP=0
# ERR_EXP=1
# --------------------------------
# DUT OUTPUTS :
# RES=0
# OFLOW=0
# COUT=0
# G=0
# L=0
# E=0
# ERR=1
# --------------------------------
# STATUS : PASS
# ================================================
# 
# ================================================
# TIME = 4835
# INPUTS :
# MODE=0 CE=1 CMD=13 CIN=0 VALID=01
# OPA=255 OPB=147
# --------------------------------
# REFERENCE MODEL OUTPUTS :
# RES_EXP=0
# OFLOW_EXP=0
# COUT_EXP=0
# G_EXP=0
# L_EXP=0
# E_EXP=0
# ERR_EXP=1
# --------------------------------
# DUT OUTPUTS :
# RES=0
# OFLOW=0
# COUT=0
# G=0
# L=0
# E=0
# ERR=1
# --------------------------------
# STATUS : PASS
# ================================================
# 
# ================================================
# TIME = 4845
# INPUTS :
# MODE=1 CE=1 CMD=7 CIN=0 VALID=01
# OPA=199 OPB=243
# --------------------------------
# REFERENCE MODEL OUTPUTS :
# RES_EXP=452
# OFLOW_EXP=0
# COUT_EXP=0
# G_EXP=0
# L_EXP=0
# E_EXP=0
# ERR_EXP=0
# --------------------------------
# DUT OUTPUTS :
# RES=452
# OFLOW=0
# COUT=0
# G=0
# L=0
# E=0
# ERR=0
# --------------------------------
# STATUS : PASS
# ================================================
# 
# ================================================
# TIME = 4855
# INPUTS :
# MODE=0 CE=0 CMD=0 CIN=0 VALID=01
# OPA=253 OPB=216
# --------------------------------
# REFERENCE MODEL OUTPUTS :
# RES_EXP=0
# OFLOW_EXP=0
# COUT_EXP=0
# G_EXP=0
# L_EXP=0
# E_EXP=0
# ERR_EXP=1
# --------------------------------
# DUT OUTPUTS :
# RES=0
# OFLOW=0
# COUT=0
# G=0
# L=0
# E=0
# ERR=1
# --------------------------------
# STATUS : PASS
# ================================================
# 
# ================================================
# TIME = 4865
# INPUTS :
# MODE=0 CE=1 CMD=1 CIN=0 VALID=11
# OPA=159 OPB=56
# --------------------------------
# REFERENCE MODEL OUTPUTS :
# RES_EXP=0
# OFLOW_EXP=0
# COUT_EXP=0
# G_EXP=0
# L_EXP=0
# E_EXP=0
# ERR_EXP=1
# --------------------------------
# DUT OUTPUTS :
# RES=0
# OFLOW=0
# COUT=0
# G=0
# L=0
# E=0
# ERR=1
# --------------------------------
# STATUS : PASS
# ================================================
# 
# ================================================
# TIME = 4875
# INPUTS :
# MODE=0 CE=0 CMD=15 CIN=0 VALID=10
# OPA=23 OPB=147
# --------------------------------
# REFERENCE MODEL OUTPUTS :
# RES_EXP=0
# OFLOW_EXP=0
# COUT_EXP=0
# G_EXP=0
# L_EXP=0
# E_EXP=0
# ERR_EXP=1
# --------------------------------
# DUT OUTPUTS :
# RES=0
# OFLOW=0
# COUT=0
# G=0
# L=0
# E=0
# ERR=1
# --------------------------------
# STATUS : PASS
# ================================================
# 
# ================================================
# TIME = 4885
# INPUTS :
# MODE=1 CE=0 CMD=10 CIN=0 VALID=01
# OPA=89 OPB=9
# --------------------------------
# REFERENCE MODEL OUTPUTS :
# RES_EXP=0
# OFLOW_EXP=0
# COUT_EXP=0
# G_EXP=0
# L_EXP=0
# E_EXP=0
# ERR_EXP=1
# --------------------------------
# DUT OUTPUTS :
# RES=65511
# OFLOW=0
# COUT=0
# G=0
# L=0
# E=0
# ERR=0
# --------------------------------
# STATUS : FAIL
# ================================================
# 
# ================================================
# TIME = 4895
# INPUTS :
# MODE=0 CE=1 CMD=4 CIN=0 VALID=01
# OPA=24 OPB=198
# --------------------------------
# REFERENCE MODEL OUTPUTS :
# RES_EXP=0
# OFLOW_EXP=0
# COUT_EXP=0
# G_EXP=0
# L_EXP=0
# E_EXP=0
# ERR_EXP=1
# --------------------------------
# DUT OUTPUTS :
# RES=65511
# OFLOW=0
# COUT=0
# G=0
# L=0
# E=0
# ERR=0
# --------------------------------
# STATUS : FAIL
# ================================================
# 
# ================================================
# TIME = 4905
# INPUTS :
# MODE=0 CE=1 CMD=12 CIN=0 VALID=11
# OPA=140 OPB=139
# --------------------------------
# REFERENCE MODEL OUTPUTS :
# RES_EXP=65511
# OFLOW_EXP=0
# COUT_EXP=0
# G_EXP=0
# L_EXP=0
# E_EXP=0
# ERR_EXP=0
# --------------------------------
# DUT OUTPUTS :
# RES=65511
# OFLOW=0
# COUT=0
# G=0
# L=0
# E=0
# ERR=0
# --------------------------------
# STATUS : PASS
# ================================================
# 
# ================================================
# TIME = 4915
# INPUTS :
# MODE=1 CE=0 CMD=8 CIN=0 VALID=10
# OPA=230 OPB=237
# --------------------------------
# REFERENCE MODEL OUTPUTS :
# RES_EXP=0
# OFLOW_EXP=0
# COUT_EXP=0
# G_EXP=0
# L_EXP=0
# E_EXP=0
# ERR_EXP=1
# --------------------------------
# DUT OUTPUTS :
# RES=0
# OFLOW=0
# COUT=0
# G=0
# L=0
# E=0
# ERR=1
# --------------------------------
# STATUS : PASS
# ================================================
# 
# ================================================
# TIME = 4925
# INPUTS :
# MODE=1 CE=1 CMD=7 CIN=0 VALID=00
# OPA=119 OPB=64
# --------------------------------
# REFERENCE MODEL OUTPUTS :
# RES_EXP=0
# OFLOW_EXP=0
# COUT_EXP=0
# G_EXP=0
# L_EXP=0
# E_EXP=0
# ERR_EXP=1
# --------------------------------
# DUT OUTPUTS :
# RES=100
# OFLOW=0
# COUT=0
# G=0
# L=0
# E=0
# ERR=1
# --------------------------------
# STATUS : FAIL
# ================================================
# 
# ================================================
# TIME = 4935
# INPUTS :
# MODE=1 CE=1 CMD=8 CIN=0 VALID=00
# OPA=129 OPB=181
# --------------------------------
# REFERENCE MODEL OUTPUTS :
# RES_EXP=1
# OFLOW_EXP=0
# COUT_EXP=0
# G_EXP=1
# L_EXP=0
# E_EXP=0
# ERR_EXP=0
# --------------------------------
# DUT OUTPUTS :
# RES=100
# OFLOW=0
# COUT=0
# G=0
# L=0
# E=0
# ERR=1
# --------------------------------
# STATUS : FAIL
# ================================================
# 
# ================================================
# TIME = 4945
# INPUTS :
# MODE=1 CE=1 CMD=1 CIN=0 VALID=01
# OPA=24 OPB=27
# --------------------------------
# REFERENCE MODEL OUTPUTS :
# RES_EXP=0
# OFLOW_EXP=0
# COUT_EXP=0
# G_EXP=0
# L_EXP=0
# E_EXP=0
# ERR_EXP=1
# --------------------------------
# DUT OUTPUTS :
# RES=0
# OFLOW=0
# COUT=0
# G=0
# L=0
# E=0
# ERR=1
# --------------------------------
# STATUS : PASS
# ================================================
# 
# ================================================
# TIME = 4955
# INPUTS :
# MODE=1 CE=1 CMD=4 CIN=0 VALID=00
# OPA=159 OPB=171
# --------------------------------
# REFERENCE MODEL OUTPUTS :
# RES_EXP=0
# OFLOW_EXP=0
# COUT_EXP=0
# G_EXP=0
# L_EXP=0
# E_EXP=0
# ERR_EXP=1
# --------------------------------
# DUT OUTPUTS :
# RES=0
# OFLOW=0
# COUT=0
# G=0
# L=0
# E=0
# ERR=1
# --------------------------------
# STATUS : PASS
# ================================================
# 
# ================================================
# TIME = 4965
# INPUTS :
# MODE=1 CE=1 CMD=12 CIN=0 VALID=00
# OPA=184 OPB=30
# --------------------------------
# REFERENCE MODEL OUTPUTS :
# RES_EXP=0
# OFLOW_EXP=0
# COUT_EXP=0
# G_EXP=0
# L_EXP=0
# E_EXP=0
# ERR_EXP=1
# --------------------------------
# DUT OUTPUTS :
# RES=0
# OFLOW=0
# COUT=0
# G=0
# L=0
# E=0
# ERR=1
# --------------------------------
# STATUS : PASS
# ================================================
# 
# ================================================
# TIME = 4975
# INPUTS :
# MODE=0 CE=1 CMD=1 CIN=0 VALID=01
# OPA=156 OPB=150
# --------------------------------
# REFERENCE MODEL OUTPUTS :
# RES_EXP=0
# OFLOW_EXP=0
# COUT_EXP=0
# G_EXP=0
# L_EXP=0
# E_EXP=0
# ERR_EXP=1
# --------------------------------
# DUT OUTPUTS :
# RES=0
# OFLOW=0
# COUT=0
# G=0
# L=0
# E=0
# ERR=1
# --------------------------------
# STATUS : PASS
# ================================================
# 
# ================================================
# TIME = 4985
# INPUTS :
# MODE=1 CE=1 CMD=3 CIN=0 VALID=01
# OPA=162 OPB=158
# --------------------------------
# REFERENCE MODEL OUTPUTS :
# RES_EXP=0
# OFLOW_EXP=0
# COUT_EXP=0
# G_EXP=0
# L_EXP=0
# E_EXP=0
# ERR_EXP=1
# --------------------------------
# DUT OUTPUTS :
# RES=0
# OFLOW=0
# COUT=0
# G=0
# L=0
# E=0
# ERR=1
# --------------------------------
# STATUS : PASS
# ================================================
# 
# ================================================
# TIME = 4995
# INPUTS :
# MODE=1 CE=1 CMD=11 CIN=0 VALID=00
# OPA=119 OPB=209
# --------------------------------
# REFERENCE MODEL OUTPUTS :
# RES_EXP=0
# OFLOW_EXP=0
# COUT_EXP=0
# G_EXP=0
# L_EXP=0
# E_EXP=0
# ERR_EXP=1
# --------------------------------
# DUT OUTPUTS :
# RES=0
# OFLOW=0
# COUT=0
# G=0
# L=0
# E=0
# ERR=1
# --------------------------------
# STATUS : PASS
# ================================================
# 
# ================================================
# TIME = 5005
# INPUTS :
# MODE=0 CE=1 CMD=3 CIN=0 VALID=01
# OPA=68 OPB=70
# --------------------------------
# REFERENCE MODEL OUTPUTS :
# RES_EXP=0
# OFLOW_EXP=0
# COUT_EXP=0
# G_EXP=0
# L_EXP=0
# E_EXP=0
# ERR_EXP=1
# --------------------------------
# DUT OUTPUTS :
# RES=0
# OFLOW=0
# COUT=0
# G=0
# L=0
# E=0
# ERR=1
# --------------------------------
# STATUS : PASS
# ================================================
# 
# ================================================
# TIME = 5015
# INPUTS :
# MODE=0 CE=0 CMD=14 CIN=0 VALID=00
# OPA=135 OPB=44
# --------------------------------
# REFERENCE MODEL OUTPUTS :
# RES_EXP=0
# OFLOW_EXP=0
# COUT_EXP=0
# G_EXP=0
# L_EXP=0
# E_EXP=0
# ERR_EXP=1
# --------------------------------
# DUT OUTPUTS :
# RES=0
# OFLOW=0
# COUT=0
# G=0
# L=0
# E=0
# ERR=1
# --------------------------------
# STATUS : PASS
# ================================================
# ** Note: $finish    : TOP_tb.v(45)
#    Time: 5020 ns  Iteration: 0  Instance: /test
# Saving coverage database on exit...
# End time: 08:54:21 on May 11,2026, Elapsed time: 0:00:01
# Errors: 0, Warnings: 1
